assay_id,mutant,esm2_650m_ours,esm2_650m_released
POLG_DEN26_Suphatrakul_2023,P331I,0.06040382385253906,0.0604102611541748
POLG_DEN26_Suphatrakul_2023,Q864P,0.8850138187408447,0.8850135803222656
POLG_DEN26_Suphatrakul_2023,W292P,0.6706638336181641,0.670668363571167
POLG_DEN26_Suphatrakul_2023,R891C,-3.970679759979248,-3.970683336257935
POLG_DEN26_Suphatrakul_2023,P822I,-2.757277250289917,-2.757275342941284
POLG_DEN26_Suphatrakul_2023,Q864E,0.6412553787231445,0.6412553787231445
POLG_DEN26_Suphatrakul_2023,R263D,-0.718055248260498,-0.718055248260498
POLG_DEN26_Suphatrakul_2023,I135W,-0.419492244720459,-0.4194788932800293
POLG_DEN26_Suphatrakul_2023,Q731A,1.0998451709747314,1.0998516082763672
POLG_DEN26_Suphatrakul_2023,P727A,-3.3522870540618896,-3.352280139923096
POLG_DEN26_Suphatrakul_2023,F431K,-3.2768993377685547,-3.2768895626068115
POLG_DEN26_Suphatrakul_2023,V643K,-0.04622650146484375,-0.0462274551391601
POLG_DEN26_Suphatrakul_2023,R891E,0.6886075735092163,0.6886053085327148
POLG_DEN26_Suphatrakul_2023,R246T,-0.2140648365020752,-0.2140657901763916
POLG_DEN26_Suphatrakul_2023,D720T,-2.980271100997925,-2.9802684783935547
POLG_DEN26_Suphatrakul_2023,M116P,0.5404767990112305,0.5404903888702393
POLG_DEN26_Suphatrakul_2023,R396I,-4.663699150085449,-4.663695812225342
POLG_DEN26_Suphatrakul_2023,A642N,-0.7540888786315918,-0.7540915012359619
POLG_DEN26_Suphatrakul_2023,G587P,-3.8688626289367676,-3.868850708007813
POLG_DEN26_Suphatrakul_2023,S23K,0.8630571365356445,0.8630573749542236
