domain_id,cluster_50,origin,sequence_length,total_rows,usable_ddg_mutation_rows,sequence_source,source_wt_cluster,publication_year
1A0N.pdb,78,natural,58,404,0,released_AF2_PDB,15,2023
1A0N.pdb_L7S,78,natural,58,1278,1265,wt_row,15,2023
1A0N.pdb_V55A,78,natural,58,1279,1269,wt_row,15,2023
1A32.pdb,60,natural,63,1391,1384,wt_row,201,2023
1AOY.pdb,26,natural,69,1523,1483,wt_row,95,2023
1B7J.pdb,52,natural,64,1411,0,wt_row,23,2023
1BK2.pdb,28,natural,56,1237,0,wt_row,15,2023
1BK2.pdb_F47A,28,natural,56,1236,977,wt_row,15,2023
1BK2.pdb_L5S,28,natural,56,1237,1045,wt_row,15,2023
1BNZ.pdb,70,natural,62,1369,0,wt_row,109,2023
1BNZ.pdb_Y34W,70,natural,62,1369,0,wt_row,109,2023
1CSQ.pdb,34,natural,67,1879,0,wt_row,105,2023
1CSQ.pdb_F49A,34,natural,67,1476,1463,wt_row,105,2023
1CSQ.pdb_F9S,34,natural,67,1475,1458,wt_row,105,2023
1E0L.pdb,241,natural,37,1240,1209,wt_row,169,2023
1E6H.pdb,28,natural,61,1744,1587,wt_row,15,2023
1EKL.pdb,52,natural,64,2213,0,wt_row,23,2023
1EM7.pdb,81,natural,56,1637,0,wt_row,4,2023
1EM7.pdb_L7A,81,natural,56,1237,1115,wt_row,4,2023
1EM7.pdb_V54S,81,natural,56,1233,1149,wt_row,4,2023
1ENH.pdb,119,natural,48,1455,1234,wt_row,155,2023
1F0M.pdb,46,natural,66,2256,2235,wt_row,7,2023
1GB4.pdb_A27K,81,natural,57,1258,1227,wt_row,4,2023
1GB4.pdb_F53D,81,natural,57,1257,1193,wt_row,4,2023
1GJS.pdb,107,natural,45,990,923,wt_row,168,2023
1GL5.pdb,86,natural,58,4366,4246,wt_row,15,2023
1GYZ.pdb,79,natural,59,1703,1677,wt_row,100,2023
1H8K.pdb,28,natural,56,1637,1544,wt_row,15,2023
1H8K.pdb_R44S,28,natural,56,1233,1166,wt_row,15,2023
1H8K.pdb_W36A,28,natural,56,1236,1067,wt_row,15,2023
1H92.pdb,78,natural,57,2459,2159,wt_row,15,2023
1I2T.pdb,84,natural,58,1669,1663,wt_row,148,2023
1I6C.pdb,200,natural,39,1048,929,wt_row,164,2023
1IFY.pdb,165,natural,44,1243,1176,wt_row,127,2023
1IGD.pdb,81,natural,57,2459,0,wt_row,4,2023
1IGV.pdb,0,natural,74,1633,0,wt_row,216,2023
1JIC.pdb,70,natural,55,1214,1158,wt_row,109,2023
1K1V.pdb,216,natural,41,1681,1626,wt_row,67,2023
1LP1.pdb,100,natural,55,2416,2388,wt_row,71,2023
1MJC.pdb,34,natural,68,1501,0,wt_row,105,2023
1MJC.pdb_G17A,34,natural,68,1501,1460,wt_row,105,2023
1MJC.pdb_L43S,34,natural,68,1501,1493,wt_row,105,2023
1MSJ.pdb,52,natural,64,1812,0,wt_row,23,2023
1O6X.pdb,4,natural,72,2389,2361,wt_row,129,2023
1OPS.pdb,52,natural,63,2190,1510,wt_row,23,2023
1OPS.pdb_T53S,52,natural,63,1389,876,wt_row,23,2023
1OPS.pdb_V44A,52,natural,63,1389,764,wt_row,23,2023
1ORC.pdb,62,natural,63,2593,2586,wt_row,202,2023
1PGA.pdb,81,natural,56,2322,0,wt_row,4,2023
1PGA.pdb_L5A,81,natural,56,1235,1177,wt_row,4,2023
1PGA.pdb_L7S,81,natural,56,1234,1056,wt_row,4,2023
1PGA.pdb_T51A,81,natural,56,1236,1123,wt_row,4,2023
1PGA.pdb_V39S,81,natural,56,1234,1107,wt_row,4,2023
1PGA.pdb_pross9,81,natural,56,1009,0,wt_row,4,2023
1PGX.pdb,81,natural,59,2502,0,wt_row,4,2023
1PGX.pdb_A27S,81,natural,59,1301,1220,wt_row,4,2023
1PGX.pdb_G42A,81,natural,59,1302,1255,wt_row,4,2023
1PSE.pdb,31,natural,68,1901,1803,wt_row,20,2023
1PV0.pdb,166,natural,44,3137,3125,wt_row,185,2023
1PWT.pdb,28,natural,57,1659,1422,wt_row,15,2023
1QKH.pdb,32,natural,68,2984,2928,wt_row,205,2023
1QKX.pdb,28,natural,56,1635,1342,wt_row,15,2023
1QLY.pdb,86,natural,58,2082,2002,wt_row,15,2023
1QP2.pdb,31,natural,63,4991,4578,wt_row,20,2023
1R69.pdb,73,natural,61,1747,1666,wt_row,81,2023
1S1N.pdb,82,natural,59,1704,0,wt_row,15,2023
1S1N.pdb_F11S,82,natural,59,1303,1280,wt_row,15,2023
1S1N.pdb_V29A,82,natural,59,1303,1285,wt_row,15,2023
1SF0.pdb,51,natural,65,1435,0,wt_row,198,2023
1SF0.pdb_V59K,51,natural,65,1429,1234,wt_row,198,2023
1SIF.pdb,6,natural,71,1565,0,wt_row,3,2023
1SIF.pdb_F13S,6,natural,71,1566,1535,wt_row,3,2023
1SIF.pdb_L3A,6,natural,71,1565,1552,wt_row,3,2023
1SRM.pdb,93,natural,55,1614,1589,wt_row,15,2023
1TG0.pdb,54,natural,64,2612,2308,wt_row,62,2023
1TUC.pdb,11,natural,59,1702,1450,wt_row,38,2023
1TUD.pdb,76,natural,60,4408,3617,wt_row,76,2023
1UBQ.pdb,6,natural,72,1588,0,wt_row,3,2023
1UBQ.pdb_I3A,6,natural,72,1588,1545,wt_row,3,2023
1UBQ.pdb_L15S,6,natural,72,1588,1567,wt_row,3,2023
1UBQ.pdb_L43A,6,natural,72,1588,1563,wt_row,3,2023
1UBQ.pdb_L67S,6,natural,72,1588,1570,wt_row,3,2023
1UBQ.pdb_pross7,6,natural,72,1295,0,wt_row,3,2023
1UCS.pdb,52,natural,64,1413,0,wt_row,23,2023
1UCS.pdb_M59K,52,natural,64,1411,1288,wt_row,23,2023
1UFM.pdb,2,natural,72,3757,3735,wt_row,174,2023
1URF.pdb,12,natural,71,1562,1502,wt_row,94,2023
1UZC.pdb,58,natural,63,2480,2322,wt_row,96,2023
1V1C.pdb,49,natural,65,3835,3599,wt_row,173,2023
1VII.pdb,50,natural,36,1016,842,wt_row,97,2023
1W4F.pdb,167,natural,41,1023,826,wt_row,9,2023
1W4G.pdb,167,natural,44,1751,1249,wt_row,9,2023
1W4H.pdb,168,natural,44,2209,2175,wt_row,9,2023
1WCL.pdb,20,natural,69,2323,2313,wt_row,50,2023
1WR4.pdb,209,natural,36,1118,551,wt_row,164,2023
1Y0M.pdb,85,natural,58,5053,4983,wt_row,15,2023
1YEZ.pdb_V46S,83,natural,59,1302,1288,wt_row,106,2023
1YP5.pdb,72,natural,57,3659,2121,wt_row,156,2023
1YRF.pdb,50,natural,35,755,698,wt_row,97,2023
1YU5.pdb,50,natural,65,3035,2881,wt_row,139,2023
1ZHC.pdb,29,natural,68,2299,1744,wt_row,13,2023
1ZLM.pdb,96,natural,56,3238,3120,wt_row,15,2023
2AME.pdb,52,natural,64,1813,0,wt_row,23,2023
2AMI.pdb,5,natural,72,2788,2216,wt_row,186,2023
2B88.pdb,100,natural,54,1192,1160,wt_row,71,2023
2B88.pdb_pross1,100,natural,54,973,969,wt_row,71,2023
2B88.pdb_pross4,100,natural,54,973,967,wt_row,71,2023
2B89.pdb,100,natural,54,1193,1119,wt_row,71,2023
2BTH.pdb,168,natural,44,1085,1036,wt_row,9,2023
2BTT.pdb,72,natural,61,4554,3669,wt_row,156,2023
2CDT.pdb,28,natural,56,2406,1722,wt_row,15,2023
2CJJ.pdb,106,natural,54,3380,1080,wt_row,157,2023
2D1U.pdb,1,natural,72,2388,2167,wt_row,102,2023
2EXD.pdb,88,natural,58,1682,1632,wt_row,32,2023
2GP8.pdb,232,natural,40,863,837,wt_row,166,2023
2HBB.pdb,127,natural,48,1843,1588,wt_row,145,2023
2HBB.pdb_pross4,127,natural,48,862,794,wt_row,145,2023
2HBB.pdb_pross6,127,natural,48,865,775,wt_row,145,2023
2HBB.pdb_pross7,127,natural,48,862,788,wt_row,145,2023
2HBB.pdb_pross9,127,natural,48,863,773,wt_row,145,2023
2I5L.pdb,34,natural,66,1456,0,wt_row,105,2023
2JN4.pdb,43,natural,66,3457,2730,wt_row,89,2023
2JT1.pdb,38,natural,67,1879,1865,wt_row,230,2023
2JTV.pdb,61,natural,63,2991,2667,wt_row,194,2023
2JVD.pdb,238,natural,39,2717,2590,wt_row,113,2023
2JVG.pdb,97,natural,56,1237,1181,wt_row,171,2023
2JWS.pdb,107,natural,48,1060,1046,wt_row,4,2023
2JWT.pdb,119,natural,50,3673,3419,wt_row,155,2023
2JZ2.pdb,98,natural,56,2040,1956,wt_row,49,2023
2K1B.pdb,120,natural,49,2278,2195,wt_row,224,2023
2K28.pdb,120,natural,50,2988,2595,wt_row,224,2023
2K2A.pdb,36,natural,63,2875,2733,wt_row,186,2023
2K52.pdb,10,natural,71,4941,0,wt_row,225,2023
2K52.pdb_F21S,10,natural,71,1567,1549,wt_row,225,2023
2K52.pdb_L42A,10,natural,71,1567,1560,wt_row,225,2023
2K5H.pdb,68,natural,62,1369,1303,wt_row,93,2023
2K5H.pdb_G11S,68,natural,62,1369,1329,wt_row,93,2023
2K5H.pdb_G23A,68,natural,62,1369,1335,wt_row,93,2023
2K5N.pdb,39,natural,67,3763,3682,wt_row,105,2023
2K5P.pdb,53,natural,64,2212,2201,wt_row,27,2023
2K9D.pdb,155,natural,44,1365,1346,wt_row,170,2023
2KCF.pdb,200,natural,36,913,806,wt_row,164,2023
2KCM.pdb,33,natural,68,2701,2595,wt_row,150,2023
2KFV.pdb,22,natural,69,1523,1414,wt_row,142,2023
2KGT.pdb,59,natural,63,5787,5314,wt_row,15,2023
2KR3.pdb,28,natural,65,1429,1231,wt_row,15,2023
2KRS.pdb,63,natural,63,1391,0,wt_row,44,2023
2KRS.pdb_W42A,63,natural,63,1387,1375,wt_row,44,2023
2KRS.pdb_Y53S,63,natural,63,1390,1379,wt_row,44,2023
2KRU.pdb,110,natural,52,1949,1738,wt_row,45,2023
2KT8.pdb,40,natural,67,2279,0,wt_row,44,2023
2KT8.pdb_G54S,40,natural,67,1479,1430,wt_row,44,2023
2KT8.pdb_V15A,40,natural,67,1476,1428,wt_row,44,2023
2KVS.pdb,41,natural,67,3080,2991,wt_row,17,2023
2KVT.pdb,116,natural,52,2750,2138,wt_row,58,2023
2KWH.pdb,111,natural,52,1544,1525,wt_row,40,2023
2KXD.pdb,11,natural,71,2360,1986,wt_row,38,2023
2KYB.pdb,40,natural,58,1681,0,wt_row,44,2023
2KYB.pdb_G2S,40,natural,58,1280,1246,wt_row,44,2023
2KYB.pdb_K55A,40,natural,58,1281,1260,wt_row,44,2023
2KZI.pdb_pross1,100,natural,54,973,972,wt_row,71,2023
2KZJ.pdb,100,natural,50,1102,1078,wt_row,71,2023
2L09.pdb,115,natural,52,2350,2197,wt_row,45,2023
2L2D.pdb,215,natural,42,872,726,wt_row,75,2023
2L2P.pdb,93,natural,55,1614,1582,wt_row,15,2023
2L33.pdb,13,natural,71,1564,1541,wt_row,143,2023
2L6Q.pdb,101,natural,55,1211,1205,wt_row,215,2023
2L7F.pdb,113,natural,51,1511,1216,wt_row,155,2023
2L7M.pdb,113,natural,52,2347,2053,wt_row,155,2023
2L9R.pdb,71,natural,61,2833,2817,wt_row,36,2023
2LC2.pdb,23,natural,64,1813,1796,wt_row,16,2023
2LCL.pdb,105,natural,55,1615,1529,wt_row,131,2023
2LGW.pdb,48,natural,65,4911,4862,wt_row,192,2023
2LHC.pdb,107,natural,46,1017,680,wt_row,4,2023
2LHR.pdb,102,natural,55,2413,2206,wt_row,56,2023
2LJ3.pdb,28,natural,59,1701,1329,wt_row,15,2023
2LO1.pdb,48,natural,65,2635,2566,wt_row,192,2023
2LP5.pdb,93,natural,57,1658,1641,wt_row,15,2023
2LQK.pdb,66,natural,62,1769,1172,wt_row,132,2023
2LSS.pdb,27,natural,69,1923,0,wt_row,105,2023
2LSS.pdb_F17A,27,natural,69,1523,1398,wt_row,105,2023
2LSS.pdb_G6S,27,natural,69,1522,1403,wt_row,105,2023
2LUM.pdb,81,natural,56,1637,1251,wt_row,4,2023
2LVN.pdb,156,natural,46,3309,1918,wt_row,59,2023
2LX2.pdb,52,natural,65,1434,0,wt_row,23,2023
2LX2.pdb_I32A,52,natural,65,1435,751,wt_row,23,2023
2LXK.pdb,34,natural,66,1857,0,wt_row,105,2023
2LXK.pdb_F15S,34,natural,66,1456,1437,wt_row,105,2023
2LXK.pdb_G4A,34,natural,66,1453,1440,wt_row,105,2023
2LYP.pdb,56,natural,64,1814,0,wt_row,191,2023
2LYP.pdb_P41A,56,natural,64,1410,1404,wt_row,191,2023
2LYP.pdb_V26S,56,natural,64,1413,1406,wt_row,191,2023
2LYQ.pdb,56,natural,62,1368,1361,wt_row,191,2023
2LYR.pdb,56,natural,62,1369,1363,wt_row,191,2023
2M0C.pdb,113,natural,48,1801,1451,wt_row,155,2023
2M0X.pdb,6,natural,72,1988,0,wt_row,3,2023
2M0Y.pdb,44,natural,66,3459,3262,wt_row,210,2023
2M2J.pdb,9,natural,71,3968,3940,wt_row,53,2023
2M2L.pdb,112,natural,52,3547,2894,wt_row,47,2023
2M6Y.pdb,48,natural,59,1303,1238,wt_row,192,2023
2M7O.pdb,77,natural,60,1727,0,wt_row,117,2023
2M7O.pdb_I21A,77,natural,60,1325,1311,wt_row,117,2023
2M8E.pdb,239,natural,38,1136,880,wt_row,99,2023
2M8I.pdb,200,natural,43,1404,1235,wt_row,218,2023
2M8J.pdb,200,natural,43,920,897,wt_row,218,2023
2M8U.pdb,35,natural,67,1879,1874,wt_row,186,2023
2M9E.pdb,200,natural,32,599,577,wt_row,164,2023
2M9F.pdb,200,natural,33,804,755,wt_row,164,2023
2M9I.pdb,200,natural,34,717,700,wt_row,164,2023
2MA4.pdb,14,natural,70,3543,3112,wt_row,107,2023
2MC5.pdb,21,natural,69,2723,1664,wt_row,128,2023
2MCH.pdb,57,natural,64,3361,3301,wt_row,65,2023
2MCK.pdb,57,natural,61,1209,1086,wt_row,65,2023
2MH8.pdb,107,natural,54,1191,825,wt_row,84,2023
2MI6.pdb,103,natural,55,1615,1584,wt_row,24,2023
2MKX.pdb_L11A,158,natural,47,1036,1026,wt_row,29,2023
2MKX.pdb_N29S,158,natural,47,1039,1029,wt_row,29,2023
2MKY.pdb,104,natural,55,2415,2161,wt_row,227,2023
2MLB.pdb_L43D,7,natural,72,1589,1529,wt_row,51,2023
2MSG.pdb,6,natural,70,1542,0,wt_row,3,2023
2MSJ.pdb,52,natural,64,1413,0,wt_row,23,2023
2MW9.pdb,241,natural,37,926,886,wt_row,169,2023
2MWA.pdb,241,natural,37,939,893,wt_row,169,2023
2MWB.pdb,241,natural,37,1070,1028,wt_row,169,2023
2MXD.pdb,108,natural,53,6623,6440,wt_row,73,2023
2MYX.pdb,114,natural,52,1949,1798,wt_row,196,2023
2N4R.pdb,241,natural,37,944,900,wt_row,169,2023
2N88.pdb,128,natural,48,1854,1803,wt_row,135,2023
2N9L.pdb,81,natural,57,1657,0,wt_row,4,2023
2O2W.pdb,37,natural,67,1880,1755,wt_row,232,2023
2OCH.pdb,48,natural,62,2853,2587,wt_row,192,2023
2OP7.pdb,209,natural,39,1477,1321,wt_row,164,2023
2PFU.pdb,8,natural,72,2790,0,wt_row,229,2023
2PTL.pdb,69,natural,62,1769,0,wt_row,152,2023
2PTL.pdb_I58A,69,natural,62,1369,1351,wt_row,152,2023
2PTL.pdb_L38S,69,natural,62,1369,1355,wt_row,152,2023
2QFF.pdb,15,natural,70,1545,1349,wt_row,179,2023
2RJV.pdb,50,natural,64,2212,2057,wt_row,139,2023
2ROT.pdb,28,natural,69,3123,0,wt_row,15,2023
2ROT.pdb_F60A,28,natural,69,1522,1485,wt_row,15,2023
2ROT.pdb_W41S,28,natural,69,1522,1478,wt_row,15,2023
2RRT.pdb,36,natural,67,2279,2201,wt_row,186,2023
2RRU.pdb,231,natural,40,832,827,wt_row,209,2023
2RU9.pdb,30,natural,68,1807,1671,wt_row,34,2023
2WNM.pdb,99,natural,56,1235,1210,wt_row,231,2023
2WQG.pdb,169,natural,41,1675,1437,wt_row,184,2023
2WXC.pdb,168,natural,44,1131,1047,wt_row,9,2023
2YSB.pdb,210,natural,43,1260,1091,wt_row,119,2023
2YSF.pdb,209,natural,34,1882,1747,wt_row,164,2023
2ZW1.pdb_V55S,81,natural,57,1258,1237,wt_row,4,2023
2ZW1.pdb_Y34A,81,natural,57,1256,1218,wt_row,4,2023
3AME.pdb,52,natural,64,1413,0,wt_row,23,2023
3CQT.pdb,78,natural,57,1259,1221,wt_row,15,2023
3DKM.pdb,3,natural,72,9037,6999,wt_row,163,2023
3I35.pdb,91,natural,57,4344,4234,wt_row,15,2023
3L1X.pdb,24,natural,69,5413,4353,wt_row,147,2023
3MYC.pdb,50,natural,63,2189,2007,wt_row,139,2023
3NGP.pdb,28,natural,56,1236,0,wt_row,15,2023
3QF6.pdb,52,natural,64,1813,0,wt_row,23,2023
3V1A.pdb,170,natural,44,970,960,wt_row,28,2023
3ZGK.pdb,23,natural,69,4324,4156,wt_row,16,2023
4AME.pdb,52,natural,64,1813,0,wt_row,23,2023
4C26.pdb,67,natural,62,3654,3072,wt_row,181,2023
4G3O.pdb,156,natural,47,4968,4156,wt_row,59,2023
4HCK.pdb,78,natural,59,2503,2335,wt_row,15,2023
4UR4.pdb,52,natural,64,1413,0,wt_row,23,2023
4UZW.pdb,169,natural,44,2520,2220,wt_row,184,2023
5AHT.pdb,209,natural,43,1158,685,wt_row,164,2023
5ECA.pdb,78,natural,59,2786,0,wt_row,15,2023
5ECA.pdb_P51S,78,natural,59,1303,1292,wt_row,15,2023
5ECA.pdb_W37A,78,natural,59,1302,1292,wt_row,15,2023
5FW9.pdb,28,natural,56,1637,0,wt_row,15,2023
5FWB.pdb,28,natural,60,1324,0,wt_row,15,2023
5FWB.pdb_A10S,28,natural,60,1320,1309,wt_row,15,2023
5FWB.pdb_M24A,28,natural,60,1322,1306,wt_row,15,2023
5GU9.pdb,16,natural,70,1545,0,wt_row,226,2023
5GU9.pdb_L66K,16,natural,70,1542,1390,wt_row,226,2023
5GU9.pdb_V60D,16,natural,70,1541,1379,wt_row,226,2023
5JRT.pdb,80,natural,59,1702,1695,wt_row,88,2023
5KPH.pdb,19,natural,69,2722,2231,wt_row,146,2023
5LWC.pdb,214,natural,43,1203,0,wt_row,125,2023
5LXJ.pdb,155,natural,47,1026,991,wt_row,170,2023
5OAO.pdb,90,natural,57,2059,1448,wt_row,69,2023
5UB0.pdb,81,natural,56,1636,0,wt_row,4,2023
5UBS.pdb,81,natural,56,2036,1671,wt_row,4,2023
5UCE.pdb,81,natural,56,2837,2099,wt_row,4,2023
5UP5.pdb,221,natural,39,1607,1503,wt_row,193,2023
5UYO.pdb,187,natural,41,887,873,wt_row,208,2023
5VNT.pdb,65,natural,62,5135,5020,wt_row,139,2023
5XR0.pdb,52,natural,63,1791,0,wt_row,23,2023
5XR0.pdb_T53S,52,natural,63,1391,667,wt_row,23,2023
5Z2S.pdb,157,natural,47,1283,804,wt_row,155,2023
5ZD0.pdb,6,natural,72,2388,0,wt_row,3,2023
6ACV.pdb,45,natural,66,2644,2366,wt_row,92,2023
6AME.pdb,52,natural,64,2213,0,wt_row,23,2023
6EWS.pdb,89,natural,56,1637,1561,wt_row,30,2023
6EWT.pdb,89,natural,57,1659,1575,wt_row,30,2023
6EWU.pdb,89,natural,56,2436,2075,wt_row,30,2023
6FVC.pdb,119,natural,44,959,902,wt_row,155,2023
6IPY.pdb,78,natural,59,1703,0,wt_row,15,2023
6IWS.pdb,48,natural,65,3318,3044,wt_row,192,2023
6M3N.pdb,55,natural,64,4213,4150,wt_row,87,2023
6MSI.pdb,52,natural,64,1411,0,wt_row,23,2023
6NJF.pdb,81,natural,56,1635,0,wt_row,4,2023
6NMW.pdb,78,natural,59,2907,2382,wt_row,15,2023
6NS8.pdb_L8K,17,natural,70,1545,1510,wt_row,57,2023
6OBK.pdb,237,natural,40,859,817,wt_row,219,2023
6RO9.pdb,28,natural,56,1237,0,wt_row,15,2023
6SCW.pdb,28,natural,61,2147,1471,wt_row,15,2023
6SOW.pdb,100,natural,50,1103,1080,wt_row,71,2023
6XQC.pdb,6,natural,72,1988,0,wt_row,3,2023
6YSE.pdb,240,natural,37,784,632,wt_row,123,2023
7BPM.pdb,25,natural,69,3123,3091,wt_row,223,2023
7JJK.pdb,92,natural,57,1257,1130,wt_row,104,2023
7MSI.pdb,52,natural,64,1413,0,wt_row,23,2023
8AME.pdb,52,natural,64,1813,0,wt_row,23,2023
8MSI.pdb,52,natural,64,1812,0,wt_row,23,2023
9AME.pdb,52,natural,64,1813,0,wt_row,23,2023
EA|run2_0290_0001.pdb,132,designed,47,1036,1030,wt_row,EEHH,2023
EA|run2_0325_0005.pdb,130,designed,47,1038,1028,wt_row,EEHH,2023
EA|run3_0321_0005.pdb,130,designed,47,1039,1032,wt_row,EEHH,2023
EA|run3_0525_0006.pdb,131,designed,47,1026,1010,wt_row,EEHH,2023
EA|run3_1140_0005.pdb,132,designed,47,1038,1033,wt_row,EEHH,2023
EA|run5_0050_0004.pdb,133,designed,47,1036,1030,wt_row,EEHH,2023
EA|run6_0680_0006.pdb,159,designed,47,1037,1023,wt_row,EEHH,2023
EA|run6_1429_0006.pdb,134,designed,47,1034,1028,wt_row,EEHH,2023
EA|run7_1025_0001.pdb,151,designed,47,1036,1024,wt_row,EEHH,2023
EA|run7_1572_0002.pdb,132,designed,47,1038,1012,wt_row,EEHH,2023
EEHEE_rd3_0019.pdb,171,designed,43,1313,1140,wt_row,EEHEE,2023
EEHEE_rd3_0094.pdb,171,designed,43,944,914,wt_row,EEHEE,2023
EEHEE_rd3_0130.pdb,172,designed,43,948,890,wt_row,EEHEE,2023
EEHEE_rd3_0146.pdb,173,designed,43,940,908,wt_row,EEHEE,2023
EEHEE_rd3_0602.pdb,174,designed,43,949,942,wt_row,EEHEE,2023
EEHEE_rd3_0657.pdb,171,designed,43,921,864,wt_row,EEHEE,2023
EEHEE_rd3_0809.pdb,171,designed,43,921,753,wt_row,EEHEE,2023
EEHEE_rd3_1049.pdb,174,designed,43,945,939,wt_row,EEHEE,2023
EEHEE_rd3_1367.pdb,172,designed,43,951,874,wt_row,EEHEE,2023
EEHEE_rd3_1498.pdb,175,designed,43,945,930,wt_row,EEHEE,2023
EEHEE_rd3_1587.pdb,171,designed,43,944,887,wt_row,EEHEE,2023
EEHEE_rd3_1615.pdb,171,designed,43,946,876,wt_row,EEHEE,2023
EEHEE_rd3_1702.pdb,202,designed,43,948,942,wt_row,EEHEE,2023
EEHEE_rd3_1716.pdb,176,designed,43,937,881,wt_row,EEHEE,2023
EEHEE_rd3_1810.pdb,171,designed,43,950,853,wt_row,EEHEE,2023
EEHEE_rd3_1818.pdb,203,designed,43,928,912,wt_row,EEHEE,2023
EEHEE_rd4_0003.pdb,177,designed,43,949,942,wt_row,EEHEE,2023
EEHEE_rd4_0005.pdb,177,designed,43,948,910,wt_row,EEHEE,2023
EEHEE_rd4_0256.pdb,173,designed,43,944,937,wt_row,EEHEE,2023
EEHEE_rd4_0308.pdb,177,designed,43,949,653,wt_row,EEHEE,2023
EEHEE_rd4_0363.pdb,178,designed,43,948,926,wt_row,EEHEE,2023
EEHEE_rd4_0371.pdb,171,designed,43,948,942,wt_row,EEHEE,2023
EEHEE_rd4_0469.pdb,171,designed,43,948,919,wt_row,EEHEE,2023
EEHEE_rd4_0470.pdb,204,designed,43,949,920,wt_row,EEHEE,2023
EEHEE_rd4_0481.pdb,177,designed,43,951,933,wt_row,EEHEE,2023
EEHEE_rd4_0647.pdb,179,designed,43,946,937,wt_row,EEHEE,2023
EEHEE_rd4_0763.pdb,179,designed,43,944,936,wt_row,EEHEE,2023
EEHEE_rd4_0784.pdb,178,designed,43,949,844,wt_row,EEHEE,2023
EEHEE_rd4_0794.pdb,171,designed,43,949,928,wt_row,EEHEE,2023
EHEE_rd1_0101.pdb,217,designed,40,860,852,wt_row,EHEE,2023
EHEE_rd1_0407.pdb,218,designed,40,861,846,wt_row,EHEE,2023
EHEE_rd1_0459.pdb,219,designed,40,858,746,wt_row,EHEE,2023
EHEE_rd2_0152.pdb,219,designed,40,1948,1807,wt_row,EHEE,2023
EHEE_rd2_0191.pdb,220,designed,40,867,730,wt_row,EHEE,2023
EHEE_rd2_0196.pdb,221,designed,40,863,855,wt_row,EHEE,2023
EHEE_rd2_0372.pdb,222,designed,40,871,846,wt_row,EHEE,2023
EHEE_rd2_0487.pdb,223,designed,40,1263,1200,wt_row,EHEE,2023
EHEE_rd2_0601.pdb,218,designed,40,868,777,wt_row,EHEE,2023
EHEE_rd2_0751.pdb,220,designed,40,873,666,wt_row,EHEE,2023
EHEE_rd2_1106.pdb,224,designed,40,1227,1023,wt_row,EHEE,2023
EHEE_rd2_1257.pdb,220,designed,40,860,731,wt_row,EHEE,2023
EHEE_rd3_0035.pdb,225,designed,40,863,823,wt_row,EHEE,2023
EHEE_rd3_0053.pdb,174,designed,40,870,829,wt_row,EHEE,2023
EHEE_rd4_0044.pdb,233,designed,40,865,712,wt_row,EHEE,2023
EHEE_rd4_0086.pdb,226,designed,40,858,769,wt_row,EHEE,2023
EHEE_rd4_0098.pdb,234,designed,40,866,833,wt_row,EHEE,2023
EHEE_rd4_0172.pdb,227,designed,40,874,794,wt_row,EHEE,2023
EHEE_rd4_0195.pdb,226,designed,40,873,865,wt_row,EHEE,2023
EHEE_rd4_0325.pdb,227,designed,40,851,837,wt_row,EHEE,2023
EHEE_rd4_0394.pdb,235,designed,40,867,760,wt_row,EHEE,2023
EHEE_rd4_0463.pdb,228,designed,40,873,850,wt_row,EHEE,2023
EHEE_rd4_0502.pdb,229,designed,40,861,820,wt_row,EHEE,2023
EHEE_rd4_0625.pdb,229,designed,40,862,772,wt_row,EHEE,2023
EHEE_rd4_0726.pdb,226,designed,40,871,802,wt_row,EHEE,2023
EHEE_rd4_0840.pdb,230,designed,40,877,791,wt_row,EHEE,2023
EHEE_rd4_0864.pdb,226,designed,40,870,650,wt_row,EHEE,2023
EHEE_rd4_0877.pdb,236,designed,40,861,803,wt_row,EHEE,2023
GG|run1_1390_0006.pdb,135,designed,47,1033,1028,wt_row,EEHH,2023
GG|run2_0085_0001.pdb,136,designed,47,1037,1025,wt_row,EEHH,2023
GG|run3_1315_0003.pdb,137,designed,47,1032,1021,wt_row,EEHH,2023
GG|run3_1365_0003.pdb,138,designed,47,1036,1030,wt_row,EEHH,2023
GG|run4_0284_0002.pdb,143,designed,47,1035,1027,wt_row,EEHH,2023
GG|run4_0467_0002.pdb,139,designed,47,1039,1030,wt_row,EEHH,2023
GG|run4_1050_0002.pdb,133,designed,47,1036,1026,wt_row,EEHH,2023
GG|run5_0637_0006.pdb,140,designed,47,1035,1026,wt_row,EEHH,2023
GG|run5_1147_0004.pdb,141,designed,47,1039,1030,wt_row,EEHH,2023
GG|run5_1309_0004.pdb,136,designed,47,1037,1020,wt_row,EEHH,2023
GG|run6_0775_0006.pdb,142,designed,47,1035,1028,wt_row,EEHH,2023
GG|run6_0851_0003.pdb,143,designed,47,1037,1031,wt_row,EEHH,2023
GG|run6_1310_0004.pdb,138,designed,47,1036,1030,wt_row,EEHH,2023
HEEH_KT_rd6_0007.pdb,180,designed,43,941,925,wt_row,HEEH,2023
HEEH_KT_rd6_0280.pdb,205,designed,43,1340,1307,wt_row,HEEH,2023
HEEH_KT_rd6_0746.pdb,181,designed,43,941,930,wt_row,HEEH,2023
HEEH_KT_rd6_0790.pdb,182,designed,43,931,921,wt_row,HEEH,2023
HEEH_KT_rd6_0793.pdb,206,designed,43,940,915,wt_row,HEEH,2023
HEEH_KT_rd6_0872.pdb,211,designed,43,948,915,wt_row,HEEH,2023
HEEH_KT_rd6_1415.pdb,183,designed,43,950,943,wt_row,HEEH,2023
HEEH_KT_rd6_3546.pdb,212,designed,43,945,926,wt_row,HEEH,2023
HEEH_KT_rd6_3632.pdb,184,designed,43,934,919,wt_row,HEEH,2023
HEEH_rd3_0055.pdb,213,designed,43,945,922,wt_row,HEEH,2023
HEEH_rd3_0223.pdb,185,designed,43,948,871,wt_row,HEEH,2023
HEEH_rd4_0094.pdb,186,designed,43,948,929,wt_row,HEEH,2023
HEEH_rd4_0097.pdb,187,designed,43,948,941,wt_row,HEEH,2023
HEEH_rd4_0349.pdb,187,designed,43,944,935,wt_row,HEEH,2023
HHH_rd1_0142.pdb,207,designed,43,936,928,wt_row,HHH,2023
HHH_rd1_0244.pdb,188,designed,43,1323,1229,wt_row,HHH,2023
HHH_rd1_0335.pdb,189,designed,43,946,939,wt_row,HHH,2023
HHH_rd1_0473.pdb,190,designed,43,949,901,wt_row,HHH,2023
HHH_rd1_0493.pdb,190,designed,43,2113,1999,wt_row,HHH,2023
HHH_rd1_0516.pdb,191,designed,43,932,916,wt_row,HHH,2023
HHH_rd1_0578.pdb,208,designed,43,934,916,wt_row,HHH,2023
HHH_rd1_0598.pdb,192,designed,43,940,910,wt_row,HHH,2023
HHH_rd1_0606.pdb,193,designed,43,935,926,wt_row,HHH,2023
HHH_rd1_0949.pdb,194,designed,43,1329,1291,wt_row,HHH,2023
HHH_rd2_0155.pdb,201,designed,43,923,913,wt_row,HHH,2023
HHH_rd2_0181.pdb,195,designed,43,945,939,wt_row,HHH,2023
HHH_rd4_0124.pdb,196,designed,43,942,930,wt_row,HHH,2023
HHH_rd4_0395.pdb,196,designed,43,1345,1298,wt_row,HHH,2023
HHH_rd4_0557.pdb,196,designed,43,936,925,wt_row,HHH,2023
HHH_rd4_0613.pdb,196,designed,43,945,887,wt_row,HHH,2023
HHH_rd4_0676.pdb,197,designed,43,1329,1316,wt_row,HHH,2023
HHH_rd4_0816.pdb,198,designed,43,936,840,wt_row,HHH,2023
HHH_rd4_0870.pdb,199,designed,43,944,934,wt_row,HHH,2023
XX|run10_1081_0004.pdb,132,designed,47,1036,1031,wt_row,EEHH,2023
XX|run1_0254_0003.pdb,138,designed,47,1037,1021,wt_row,EEHH,2023
XX|run1_0367_0004.pdb,144,designed,47,1037,1030,wt_row,EEHH,2023
XX|run1_0455_0002.pdb,145,designed,47,1032,1023,wt_row,EEHH,2023
XX|run1_0461_0006.pdb,146,designed,47,1037,1031,wt_row,EEHH,2023
XX|run3_1384_0005.pdb,147,designed,47,1039,1030,wt_row,EEHH,2023
XX|run5_0690_0002.pdb,148,designed,47,1034,1029,wt_row,EEHH,2023
XX|run5_1034_0004.pdb,160,designed,47,1034,1019,wt_row,EEHH,2023
XX|run6_1020_0004.pdb,149,designed,47,1038,1030,wt_row,EEHH,2023
XX|run6_1081_0004.pdb,150,designed,47,1037,1022,wt_row,EEHH,2023
XX|run7_0974_0003.pdb,151,designed,47,1029,984,wt_row,EEHH,2023
XX|run8_0733_0006.pdb,152,designed,47,1033,1028,wt_row,EEHH,2023
XX|run8_1063_0003.pdb,134,designed,47,1039,1013,wt_row,EEHH,2023
XX|run8_1098_0003.pdb,153,designed,47,1038,1026,wt_row,EEHH,2023
XX|run8_1203_0001.pdb,162,designed,47,1036,0,wt_row,EEHH,2023
r10_437_TrROS_Hall.pdb,154,designed,47,1034,1014,wt_row,hall,2023
r10_490_TrROS_Hall.pdb,161,designed,47,1037,1024,wt_row,hall,2023
r10_572_TrROS_Hall.pdb,154,designed,47,1032,1024,wt_row,hall,2023
r11_1081_TrROS_Hall.pdb,125,designed,49,1082,1036,wt_row,hall,2023
r11_233_TrROS_Hall.pdb,42,designed,49,1083,1072,wt_row,hall,2023
r11_569_TrROS_Hall.pdb,122,designed,49,1082,1055,wt_row,hall,2023
r11_797_TrROS_Hall.pdb,123,designed,49,1082,1073,wt_row,hall,2023
r11_829_TrROS_Hall.pdb,124,designed,49,1080,1067,wt_row,hall,2023
r11_951_TrROS_Hall.pdb,42,designed,49,1079,1067,wt_row,hall,2023
r12_757_TrROS_Hall.pdb,42,designed,54,1193,1138,wt_row,hall,2023
r14_263_TrROS_Hall.pdb,42,designed,67,1477,0,wt_row,hall,2023
r15_550_TrROS_Hall.pdb,75,designed,60,1323,1302,wt_row,hall,2023
r16_88_TrROS_Hall.pdb,64,designed,63,1391,1374,wt_row,hall,2023
r18_3_TrROS_Hall.pdb,42,designed,52,1146,1140,wt_row,hall,2023
r3_162_TrROS_Hall.pdb,117,designed,51,1124,1109,wt_row,hall,2023
r4_412_TrROS_Hall.pdb,163,designed,46,1014,1003,wt_row,hall,2023
r4_43_TrROS_Hall.pdb,164,designed,46,1012,999,wt_row,hall,2023
r6_560_TrROS_Hall.pdb,94,designed,56,1235,1217,wt_row,hall,2023
r6_831_TrROS_Hall.pdb,95,designed,56,1234,1219,wt_row,hall,2023
r7_587_TrROS_Hall.pdb,126,designed,48,1059,1027,wt_row,hall,2023
v2K43S_2KVV.pdb,74,natural,61,1347,1109,wt_row,55,2023
v2R14S|R16S_2L3X.pdb,47,natural,66,1457,1432,wt_row,139,2023
v2R31S|R32S_2N5D.pdb,18,natural,70,1535,1507,wt_row,190,2023
v2_1OGW.pdb,6,natural,70,1544,0,wt_row,3,2023
v2_2HDZ.pdb,121,natural,50,1082,1025,wt_row,199,2023
v2_2L15.pdb,34,natural,66,1457,0,wt_row,105,2023
v2_2LC2.pdb,23,natural,56,1236,1224,wt_row,16,2023
v2_2LDM.pdb,118,natural,51,1127,1118,wt_row,72,2023
v2_2LXE.pdb,109,natural,53,1169,1152,wt_row,112,2023
v2_2M5A.pdb,100,natural,56,1232,1210,wt_row,71,2023
v2_4UZX.pdb,87,natural,58,1281,1268,wt_row,5,2023
v2_5XK5.pdb,6,natural,70,1544,0,wt_row,3,2023
v2_6IVS.pdb,129,natural,48,1060,1048,wt_row,213,2023
