evidence_type,independent_unit_key,element_a,element_b,selectivity_ground_truth,protein_or_sequence,supporting_studies,relative_affinity,ree_pdb,ca_pdb,source,limitation
pdb_exact_sequence_ca_ree,CA/LU,CA,LU,false,3f12fdf191e3fa2159eefaf33d95a8fcbec20086cfc0b6ae08f8646032b1db99,,,1PLU,1O88,https://search.rcsb.org/; https://data.rcsb.org/,"separate deposits establish occupancy, not relative affinity"
pdb_exact_sequence_ca_ree,CA/LU,CA,LU,false,3f12fdf191e3fa2159eefaf33d95a8fcbec20086cfc0b6ae08f8646032b1db99,,,1PLU,1O8D,https://search.rcsb.org/; https://data.rcsb.org/,"separate deposits establish occupancy, not relative affinity"
pdb_exact_sequence_ca_ree,CA/LU,CA,LU,false,3f12fdf191e3fa2159eefaf33d95a8fcbec20086cfc0b6ae08f8646032b1db99,,,1PLU,1O8E,https://search.rcsb.org/; https://data.rcsb.org/,"separate deposits establish occupancy, not relative affinity"
pdb_exact_sequence_ca_ree,CA/LU,CA,LU,false,3f12fdf191e3fa2159eefaf33d95a8fcbec20086cfc0b6ae08f8646032b1db99,,,1PLU,1O8F,https://search.rcsb.org/; https://data.rcsb.org/,"separate deposits establish occupancy, not relative affinity"
pdb_exact_sequence_ca_ree,CA/LU,CA,LU,false,3f12fdf191e3fa2159eefaf33d95a8fcbec20086cfc0b6ae08f8646032b1db99,,,1PLU,1O8G,https://search.rcsb.org/; https://data.rcsb.org/,"separate deposits establish occupancy, not relative affinity"
pdb_exact_sequence_ca_ree,CA/LU,CA,LU,false,3f12fdf191e3fa2159eefaf33d95a8fcbec20086cfc0b6ae08f8646032b1db99,,,1PLU,1O8H,https://search.rcsb.org/; https://data.rcsb.org/,"separate deposits establish occupancy, not relative affinity"
pdb_exact_sequence_ca_ree,CA/LU,CA,LU,false,3f12fdf191e3fa2159eefaf33d95a8fcbec20086cfc0b6ae08f8646032b1db99,,,1PLU,1O8J,https://search.rcsb.org/; https://data.rcsb.org/,"separate deposits establish occupancy, not relative affinity"
pdb_exact_sequence_ca_ree,CA/LU,CA,LU,false,3f12fdf191e3fa2159eefaf33d95a8fcbec20086cfc0b6ae08f8646032b1db99,,,1PLU,1O8K,https://search.rcsb.org/; https://data.rcsb.org/,"separate deposits establish occupancy, not relative affinity"
pdb_exact_sequence_ca_ree,CA/LU,CA,LU,false,3f12fdf191e3fa2159eefaf33d95a8fcbec20086cfc0b6ae08f8646032b1db99,,,1PLU,1O8L,https://search.rcsb.org/; https://data.rcsb.org/,"separate deposits establish occupancy, not relative affinity"
pdb_exact_sequence_ca_ree,CA/LU,CA,LU,false,9e38b2bead42d13b207994ea210a9516955fe761dfabc70e5aa2fdd78d36b090,,,5F8A,1AZ0,https://search.rcsb.org/; https://data.rcsb.org/,"separate deposits establish occupancy, not relative affinity"
pdb_exact_sequence_ca_ree,CA/LU,CA,LU,false,9e38b2bead42d13b207994ea210a9516955fe761dfabc70e5aa2fdd78d36b090,,,5F8A,1B94,https://search.rcsb.org/; https://data.rcsb.org/,"separate deposits establish occupancy, not relative affinity"
pdb_exact_sequence_ca_ree,CA/LU,CA,LU,false,9e38b2bead42d13b207994ea210a9516955fe761dfabc70e5aa2fdd78d36b090,,,5F8A,1BSU,https://search.rcsb.org/; https://data.rcsb.org/,"separate deposits establish occupancy, not relative affinity"
pdb_exact_sequence_ca_ree,CA/LU,CA,LU,false,9e38b2bead42d13b207994ea210a9516955fe761dfabc70e5aa2fdd78d36b090,,,5HLK,1AZ0,https://search.rcsb.org/; https://data.rcsb.org/,"separate deposits establish occupancy, not relative affinity"
pdb_exact_sequence_ca_ree,CA/LU,CA,LU,false,9e38b2bead42d13b207994ea210a9516955fe761dfabc70e5aa2fdd78d36b090,,,5HLK,1B94,https://search.rcsb.org/; https://data.rcsb.org/,"separate deposits establish occupancy, not relative affinity"
pdb_exact_sequence_ca_ree,CA/LU,CA,LU,false,9e38b2bead42d13b207994ea210a9516955fe761dfabc70e5aa2fdd78d36b090,,,5HLK,1BSU,https://search.rcsb.org/; https://data.rcsb.org/,"separate deposits establish occupancy, not relative affinity"
pdb_exact_sequence_ca_ree,CA/PR,CA,PR,false,b146b2cda1d68dfd96a2fe230850273780132a51e74f8f3508c34f2eda125f3d,,,5AVK,1IC6,https://search.rcsb.org/; https://data.rcsb.org/,"separate deposits establish occupancy, not relative affinity"
pdb_exact_sequence_ca_ree,CA/PR,CA,PR,false,b146b2cda1d68dfd96a2fe230850273780132a51e74f8f3508c34f2eda125f3d,,,5AVK,1P7V,https://search.rcsb.org/; https://data.rcsb.org/,"separate deposits establish occupancy, not relative affinity"
pdb_exact_sequence_ca_ree,CA/PR,CA,PR,false,b146b2cda1d68dfd96a2fe230850273780132a51e74f8f3508c34f2eda125f3d,,,5AVK,1P7W,https://search.rcsb.org/; https://data.rcsb.org/,"separate deposits establish occupancy, not relative affinity"
pdb_exact_sequence_ca_ree,CA/PR,CA,PR,false,b146b2cda1d68dfd96a2fe230850273780132a51e74f8f3508c34f2eda125f3d,,,5AVK,28EP,https://search.rcsb.org/; https://data.rcsb.org/,"separate deposits establish occupancy, not relative affinity"
pdb_exact_sequence_ca_ree,CA/PR,CA,PR,false,b146b2cda1d68dfd96a2fe230850273780132a51e74f8f3508c34f2eda125f3d,,,5AVK,2DQK,https://search.rcsb.org/; https://data.rcsb.org/,"separate deposits establish occupancy, not relative affinity"
pdb_exact_sequence_ca_ree,CA/PR,CA,PR,false,b146b2cda1d68dfd96a2fe230850273780132a51e74f8f3508c34f2eda125f3d,,,5AVK,2DUJ,https://search.rcsb.org/; https://data.rcsb.org/,"separate deposits establish occupancy, not relative affinity"
pdb_exact_sequence_ca_ree,CA/PR,CA,PR,false,b146b2cda1d68dfd96a2fe230850273780132a51e74f8f3508c34f2eda125f3d,,,5AVK,2G4V,https://search.rcsb.org/; https://data.rcsb.org/,"separate deposits establish occupancy, not relative affinity"
pdb_exact_sequence_ca_ree,CA/PR,CA,PR,false,b146b2cda1d68dfd96a2fe230850273780132a51e74f8f3508c34f2eda125f3d,,,5AVK,2HD4,https://search.rcsb.org/; https://data.rcsb.org/,"separate deposits establish occupancy, not relative affinity"
pdb_exact_sequence_ca_ree,CA/PR,CA,PR,false,b146b2cda1d68dfd96a2fe230850273780132a51e74f8f3508c34f2eda125f3d,,,5AVK,2HPZ,https://search.rcsb.org/; https://data.rcsb.org/,"separate deposits establish occupancy, not relative affinity"
pdb_exact_sequence_ca_ree,CA/PR,CA,PR,false,b146b2cda1d68dfd96a2fe230850273780132a51e74f8f3508c34f2eda125f3d,,,5AVK,2ID8,https://search.rcsb.org/; https://data.rcsb.org/,"separate deposits establish occupancy, not relative affinity"
pdb_exact_sequence_ca_ree,CA/PR,CA,PR,false,b146b2cda1d68dfd96a2fe230850273780132a51e74f8f3508c34f2eda125f3d,,,5AVK,2PQ2,https://search.rcsb.org/; https://data.rcsb.org/,"separate deposits establish occupancy, not relative affinity"
pdb_exact_sequence_ca_ree,CA/PR,CA,PR,false,b146b2cda1d68dfd96a2fe230850273780132a51e74f8f3508c34f2eda125f3d,,,5AVK,2PWA,https://search.rcsb.org/; https://data.rcsb.org/,"separate deposits establish occupancy, not relative affinity"
pdb_exact_sequence_ca_ree,CA/PR,CA,PR,false,b146b2cda1d68dfd96a2fe230850273780132a51e74f8f3508c34f2eda125f3d,,,5AVK,2PWB,https://search.rcsb.org/; https://data.rcsb.org/,"separate deposits establish occupancy, not relative affinity"
pdb_exact_sequence_ca_ree,CA/PR,CA,PR,false,b146b2cda1d68dfd96a2fe230850273780132a51e74f8f3508c34f2eda125f3d,,,5AVK,2PYZ,https://search.rcsb.org/; https://data.rcsb.org/,"separate deposits establish occupancy, not relative affinity"
pdb_exact_sequence_ca_ree,CA/PR,CA,PR,false,b146b2cda1d68dfd96a2fe230850273780132a51e74f8f3508c34f2eda125f3d,,,5AVK,2V8B,https://search.rcsb.org/; https://data.rcsb.org/,"separate deposits establish occupancy, not relative affinity"
pdb_exact_sequence_ca_ree,CA/PR,CA,PR,false,b146b2cda1d68dfd96a2fe230850273780132a51e74f8f3508c34f2eda125f3d,,,5AVK,3AJ8,https://search.rcsb.org/; https://data.rcsb.org/,"separate deposits establish occupancy, not relative affinity"
pdb_exact_sequence_ca_ree,CA/PR,CA,PR,false,b146b2cda1d68dfd96a2fe230850273780132a51e74f8f3508c34f2eda125f3d,,,5AVK,3AJ9,https://search.rcsb.org/; https://data.rcsb.org/,"separate deposits establish occupancy, not relative affinity"
pdb_exact_sequence_ca_ree,CA/PR,CA,PR,false,b146b2cda1d68dfd96a2fe230850273780132a51e74f8f3508c34f2eda125f3d,,,5AVK,3DYB,https://search.rcsb.org/; https://data.rcsb.org/,"separate deposits establish occupancy, not relative affinity"
pdb_exact_sequence_ca_ree,CA/PR,CA,PR,false,b146b2cda1d68dfd96a2fe230850273780132a51e74f8f3508c34f2eda125f3d,,,5AVK,3L1K,https://search.rcsb.org/; https://data.rcsb.org/,"separate deposits establish occupancy, not relative affinity"
pdb_exact_sequence_ca_ree,CA/PR,CA,PR,false,b146b2cda1d68dfd96a2fe230850273780132a51e74f8f3508c34f2eda125f3d,,,5AVK,3OSZ,https://search.rcsb.org/; https://data.rcsb.org/,"separate deposits establish occupancy, not relative affinity"
pdb_exact_sequence_ca_ree,CA/PR,CA,PR,false,b146b2cda1d68dfd96a2fe230850273780132a51e74f8f3508c34f2eda125f3d,,,5AVK,3Q40,https://search.rcsb.org/; https://data.rcsb.org/,"separate deposits establish occupancy, not relative affinity"
pdb_exact_sequence_ca_ree,CA/PR,CA,PR,false,b146b2cda1d68dfd96a2fe230850273780132a51e74f8f3508c34f2eda125f3d,,,5AVK,3Q5G,https://search.rcsb.org/; https://data.rcsb.org/,"separate deposits establish occupancy, not relative affinity"
pdb_exact_sequence_ca_ree,CA/PR,CA,PR,false,b146b2cda1d68dfd96a2fe230850273780132a51e74f8f3508c34f2eda125f3d,,,5AVK,3QMP,https://search.rcsb.org/; https://data.rcsb.org/,"separate deposits establish occupancy, not relative affinity"
pdb_exact_sequence_ca_ree,CA/PR,CA,PR,false,b146b2cda1d68dfd96a2fe230850273780132a51e74f8f3508c34f2eda125f3d,,,5AVK,4B5L,https://search.rcsb.org/; https://data.rcsb.org/,"separate deposits establish occupancy, not relative affinity"
pdb_exact_sequence_ca_ree,CA/PR,CA,PR,false,b146b2cda1d68dfd96a2fe230850273780132a51e74f8f3508c34f2eda125f3d,,,5AVK,4FON,https://search.rcsb.org/; https://data.rcsb.org/,"separate deposits establish occupancy, not relative affinity"
pdb_exact_sequence_ca_ree,CA/PR,CA,PR,false,b146b2cda1d68dfd96a2fe230850273780132a51e74f8f3508c34f2eda125f3d,,,5AVK,4ZAR,https://search.rcsb.org/; https://data.rcsb.org/,"separate deposits establish occupancy, not relative affinity"
pdb_exact_sequence_ca_ree,CA/PR,CA,PR,false,b146b2cda1d68dfd96a2fe230850273780132a51e74f8f3508c34f2eda125f3d,,,5AVK,5AVJ,https://search.rcsb.org/; https://data.rcsb.org/,"separate deposits establish occupancy, not relative affinity"
pdb_exact_sequence_ca_ree,CA/PR,CA,PR,false,b146b2cda1d68dfd96a2fe230850273780132a51e74f8f3508c34f2eda125f3d,,,5AVK,5B1D,https://search.rcsb.org/; https://data.rcsb.org/,"separate deposits establish occupancy, not relative affinity"
pdb_exact_sequence_ca_ree,CA/PR,CA,PR,false,b146b2cda1d68dfd96a2fe230850273780132a51e74f8f3508c34f2eda125f3d,,,5AVK,5B1E,https://search.rcsb.org/; https://data.rcsb.org/,"separate deposits establish occupancy, not relative affinity"
pdb_exact_sequence_ca_ree,CA/PR,CA,PR,false,b146b2cda1d68dfd96a2fe230850273780132a51e74f8f3508c34f2eda125f3d,,,5AVK,5KXU,https://search.rcsb.org/; https://data.rcsb.org/,"separate deposits establish occupancy, not relative affinity"
pdb_exact_sequence_ca_ree,CA/PR,CA,PR,false,b146b2cda1d68dfd96a2fe230850273780132a51e74f8f3508c34f2eda125f3d,,,5AVK,5KXV,https://search.rcsb.org/; https://data.rcsb.org/,"separate deposits establish occupancy, not relative affinity"
pdb_exact_sequence_ca_ree,CA/PR,CA,PR,false,b146b2cda1d68dfd96a2fe230850273780132a51e74f8f3508c34f2eda125f3d,,,5AVK,5MJL,https://search.rcsb.org/; https://data.rcsb.org/,"separate deposits establish occupancy, not relative affinity"
pdb_exact_sequence_ca_ree,CA/PR,CA,PR,false,b146b2cda1d68dfd96a2fe230850273780132a51e74f8f3508c34f2eda125f3d,,,5AVK,5UVL,https://search.rcsb.org/; https://data.rcsb.org/,"separate deposits establish occupancy, not relative affinity"
pdb_exact_sequence_ca_ree,CA/PR,CA,PR,false,b146b2cda1d68dfd96a2fe230850273780132a51e74f8f3508c34f2eda125f3d,,,5AVK,5WHW,https://search.rcsb.org/; https://data.rcsb.org/,"separate deposits establish occupancy, not relative affinity"
pdb_exact_sequence_ca_ree,CA/PR,CA,PR,false,b146b2cda1d68dfd96a2fe230850273780132a51e74f8f3508c34f2eda125f3d,,,5AVK,5WJG,https://search.rcsb.org/; https://data.rcsb.org/,"separate deposits establish occupancy, not relative affinity"
pdb_exact_sequence_ca_ree,CA/PR,CA,PR,false,b146b2cda1d68dfd96a2fe230850273780132a51e74f8f3508c34f2eda125f3d,,,5AVK,5WJH,https://search.rcsb.org/; https://data.rcsb.org/,"separate deposits establish occupancy, not relative affinity"
pdb_exact_sequence_ca_ree,CA/PR,CA,PR,false,b146b2cda1d68dfd96a2fe230850273780132a51e74f8f3508c34f2eda125f3d,,,5AVK,6FJS,https://search.rcsb.org/; https://data.rcsb.org/,"separate deposits establish occupancy, not relative affinity"
pdb_exact_sequence_ca_ree,CA/PR,CA,PR,false,b146b2cda1d68dfd96a2fe230850273780132a51e74f8f3508c34f2eda125f3d,,,5AVK,6J43,https://search.rcsb.org/; https://data.rcsb.org/,"separate deposits establish occupancy, not relative affinity"
pdb_exact_sequence_ca_ree,CA/PR,CA,PR,false,b146b2cda1d68dfd96a2fe230850273780132a51e74f8f3508c34f2eda125f3d,,,5AVK,6K2P,https://search.rcsb.org/; https://data.rcsb.org/,"separate deposits establish occupancy, not relative affinity"
pdb_exact_sequence_ca_ree,CA/PR,CA,PR,false,b146b2cda1d68dfd96a2fe230850273780132a51e74f8f3508c34f2eda125f3d,,,5AVK,6K2R,https://search.rcsb.org/; https://data.rcsb.org/,"separate deposits establish occupancy, not relative affinity"
pdb_exact_sequence_ca_ree,CA/PR,CA,PR,false,b146b2cda1d68dfd96a2fe230850273780132a51e74f8f3508c34f2eda125f3d,,,5AVK,6K2S,https://search.rcsb.org/; https://data.rcsb.org/,"separate deposits establish occupancy, not relative affinity"
pdb_exact_sequence_ca_ree,CA/PR,CA,PR,false,b146b2cda1d68dfd96a2fe230850273780132a51e74f8f3508c34f2eda125f3d,,,5AVK,6K2T,https://search.rcsb.org/; https://data.rcsb.org/,"separate deposits establish occupancy, not relative affinity"
pdb_exact_sequence_ca_ree,CA/PR,CA,PR,false,b146b2cda1d68dfd96a2fe230850273780132a51e74f8f3508c34f2eda125f3d,,,5AVK,6K2V,https://search.rcsb.org/; https://data.rcsb.org/,"separate deposits establish occupancy, not relative affinity"
pdb_exact_sequence_ca_ree,CA/PR,CA,PR,false,b146b2cda1d68dfd96a2fe230850273780132a51e74f8f3508c34f2eda125f3d,,,5AVK,6K2W,https://search.rcsb.org/; https://data.rcsb.org/,"separate deposits establish occupancy, not relative affinity"
pdb_exact_sequence_ca_ree,CA/PR,CA,PR,false,b146b2cda1d68dfd96a2fe230850273780132a51e74f8f3508c34f2eda125f3d,,,5AVK,6MH6,https://search.rcsb.org/; https://data.rcsb.org/,"separate deposits establish occupancy, not relative affinity"
pdb_exact_sequence_ca_ree,CA/PR,CA,PR,false,b146b2cda1d68dfd96a2fe230850273780132a51e74f8f3508c34f2eda125f3d,,,5AVK,6N4U,https://search.rcsb.org/; https://data.rcsb.org/,"separate deposits establish occupancy, not relative affinity"
pdb_exact_sequence_ca_ree,CA/PR,CA,PR,false,b146b2cda1d68dfd96a2fe230850273780132a51e74f8f3508c34f2eda125f3d,,,5AVK,6QF1,https://search.rcsb.org/; https://data.rcsb.org/,"separate deposits establish occupancy, not relative affinity"
pdb_exact_sequence_ca_ree,CA/PR,CA,PR,false,b146b2cda1d68dfd96a2fe230850273780132a51e74f8f3508c34f2eda125f3d,,,5AVK,6QXV,https://search.rcsb.org/; https://data.rcsb.org/,"separate deposits establish occupancy, not relative affinity"
pdb_exact_sequence_ca_ree,CA/PR,CA,PR,false,b146b2cda1d68dfd96a2fe230850273780132a51e74f8f3508c34f2eda125f3d,,,5AVK,6RZP,https://search.rcsb.org/; https://data.rcsb.org/,"separate deposits establish occupancy, not relative affinity"
pdb_exact_sequence_ca_ree,CA/PR,CA,PR,false,b146b2cda1d68dfd96a2fe230850273780132a51e74f8f3508c34f2eda125f3d,,,5AVK,6TXG,https://search.rcsb.org/; https://data.rcsb.org/,"separate deposits establish occupancy, not relative affinity"
pdb_exact_sequence_ca_ree,CA/PR,CA,PR,false,b146b2cda1d68dfd96a2fe230850273780132a51e74f8f3508c34f2eda125f3d,,,5AVK,6V8R,https://search.rcsb.org/; https://data.rcsb.org/,"separate deposits establish occupancy, not relative affinity"
pdb_exact_sequence_ca_ree,CA/PR,CA,PR,false,b146b2cda1d68dfd96a2fe230850273780132a51e74f8f3508c34f2eda125f3d,,,5AVK,6ZET,https://search.rcsb.org/; https://data.rcsb.org/,"separate deposits establish occupancy, not relative affinity"
pdb_exact_sequence_ca_ree,CA/PR,CA,PR,false,b146b2cda1d68dfd96a2fe230850273780132a51e74f8f3508c34f2eda125f3d,,,5AVK,6ZEU,https://search.rcsb.org/; https://data.rcsb.org/,"separate deposits establish occupancy, not relative affinity"
pdb_exact_sequence_ca_ree,CA/PR,CA,PR,false,b146b2cda1d68dfd96a2fe230850273780132a51e74f8f3508c34f2eda125f3d,,,5AVK,6ZEV,https://search.rcsb.org/; https://data.rcsb.org/,"separate deposits establish occupancy, not relative affinity"
pdb_exact_sequence_ca_ree,CA/PR,CA,PR,false,b146b2cda1d68dfd96a2fe230850273780132a51e74f8f3508c34f2eda125f3d,,,5AVK,7C0P,https://search.rcsb.org/; https://data.rcsb.org/,"separate deposits establish occupancy, not relative affinity"
pdb_exact_sequence_ca_ree,CA/PR,CA,PR,false,b146b2cda1d68dfd96a2fe230850273780132a51e74f8f3508c34f2eda125f3d,,,5AVK,7LN7,https://search.rcsb.org/; https://data.rcsb.org/,"separate deposits establish occupancy, not relative affinity"
pdb_exact_sequence_ca_ree,CA/PR,CA,PR,false,b146b2cda1d68dfd96a2fe230850273780132a51e74f8f3508c34f2eda125f3d,,,5AVK,7LPT,https://search.rcsb.org/; https://data.rcsb.org/,"separate deposits establish occupancy, not relative affinity"
pdb_exact_sequence_ca_ree,CA/PR,CA,PR,false,b146b2cda1d68dfd96a2fe230850273780132a51e74f8f3508c34f2eda125f3d,,,5AVK,7LPU,https://search.rcsb.org/; https://data.rcsb.org/,"separate deposits establish occupancy, not relative affinity"
pdb_exact_sequence_ca_ree,CA/PR,CA,PR,false,b146b2cda1d68dfd96a2fe230850273780132a51e74f8f3508c34f2eda125f3d,,,5AVK,7LPV,https://search.rcsb.org/; https://data.rcsb.org/,"separate deposits establish occupancy, not relative affinity"
pdb_exact_sequence_ca_ree,CA/PR,CA,PR,false,b146b2cda1d68dfd96a2fe230850273780132a51e74f8f3508c34f2eda125f3d,,,5AVK,7LQ8,https://search.rcsb.org/; https://data.rcsb.org/,"separate deposits establish occupancy, not relative affinity"
pdb_exact_sequence_ca_ree,CA/PR,CA,PR,false,b146b2cda1d68dfd96a2fe230850273780132a51e74f8f3508c34f2eda125f3d,,,5AVK,7LQ9,https://search.rcsb.org/; https://data.rcsb.org/,"separate deposits establish occupancy, not relative affinity"
pdb_exact_sequence_ca_ree,CA/PR,CA,PR,false,b146b2cda1d68dfd96a2fe230850273780132a51e74f8f3508c34f2eda125f3d,,,5AVK,7LQA,https://search.rcsb.org/; https://data.rcsb.org/,"separate deposits establish occupancy, not relative affinity"
pdb_exact_sequence_ca_ree,CA/PR,CA,PR,false,b146b2cda1d68dfd96a2fe230850273780132a51e74f8f3508c34f2eda125f3d,,,5AVK,7LQB,https://search.rcsb.org/; https://data.rcsb.org/,"separate deposits establish occupancy, not relative affinity"
pdb_exact_sequence_ca_ree,CA/PR,CA,PR,false,b146b2cda1d68dfd96a2fe230850273780132a51e74f8f3508c34f2eda125f3d,,,5AVK,7LQC,https://search.rcsb.org/; https://data.rcsb.org/,"separate deposits establish occupancy, not relative affinity"
pdb_exact_sequence_ca_ree,CA/PR,CA,PR,false,b146b2cda1d68dfd96a2fe230850273780132a51e74f8f3508c34f2eda125f3d,,,5AVK,7LTD,https://search.rcsb.org/; https://data.rcsb.org/,"separate deposits establish occupancy, not relative affinity"
pdb_exact_sequence_ca_ree,CA/PR,CA,PR,false,b146b2cda1d68dfd96a2fe230850273780132a51e74f8f3508c34f2eda125f3d,,,5AVK,7LTI,https://search.rcsb.org/; https://data.rcsb.org/,"separate deposits establish occupancy, not relative affinity"
pdb_exact_sequence_ca_ree,CA/PR,CA,PR,false,b146b2cda1d68dfd96a2fe230850273780132a51e74f8f3508c34f2eda125f3d,,,5AVK,7LTV,https://search.rcsb.org/; https://data.rcsb.org/,"separate deposits establish occupancy, not relative affinity"
pdb_exact_sequence_ca_ree,CA/PR,CA,PR,false,b146b2cda1d68dfd96a2fe230850273780132a51e74f8f3508c34f2eda125f3d,,,5AVK,7LU0,https://search.rcsb.org/; https://data.rcsb.org/,"separate deposits establish occupancy, not relative affinity"
pdb_exact_sequence_ca_ree,CA/PR,CA,PR,false,b146b2cda1d68dfd96a2fe230850273780132a51e74f8f3508c34f2eda125f3d,,,5AVK,7LU1,https://search.rcsb.org/; https://data.rcsb.org/,"separate deposits establish occupancy, not relative affinity"
pdb_exact_sequence_ca_ree,CA/PR,CA,PR,false,b146b2cda1d68dfd96a2fe230850273780132a51e74f8f3508c34f2eda125f3d,,,5AVK,7LU2,https://search.rcsb.org/; https://data.rcsb.org/,"separate deposits establish occupancy, not relative affinity"
pdb_exact_sequence_ca_ree,CA/PR,CA,PR,false,b146b2cda1d68dfd96a2fe230850273780132a51e74f8f3508c34f2eda125f3d,,,5AVK,7LU3,https://search.rcsb.org/; https://data.rcsb.org/,"separate deposits establish occupancy, not relative affinity"
pdb_exact_sequence_ca_ree,CA/PR,CA,PR,false,b146b2cda1d68dfd96a2fe230850273780132a51e74f8f3508c34f2eda125f3d,,,5AVK,7S4Z,https://search.rcsb.org/; https://data.rcsb.org/,"separate deposits establish occupancy, not relative affinity"
pdb_exact_sequence_ca_ree,CA/PR,CA,PR,false,b146b2cda1d68dfd96a2fe230850273780132a51e74f8f3508c34f2eda125f3d,,,5AVK,8E53,https://search.rcsb.org/; https://data.rcsb.org/,"separate deposits establish occupancy, not relative affinity"
pdb_exact_sequence_ca_ree,CA/PR,CA,PR,false,b146b2cda1d68dfd96a2fe230850273780132a51e74f8f3508c34f2eda125f3d,,,5AVK,8F05,https://search.rcsb.org/; https://data.rcsb.org/,"separate deposits establish occupancy, not relative affinity"
pdb_exact_sequence_ca_ree,CA/PR,CA,PR,false,b146b2cda1d68dfd96a2fe230850273780132a51e74f8f3508c34f2eda125f3d,,,5AVK,8F06,https://search.rcsb.org/; https://data.rcsb.org/,"separate deposits establish occupancy, not relative affinity"
pdb_exact_sequence_ca_ree,CA/PR,CA,PR,false,b146b2cda1d68dfd96a2fe230850273780132a51e74f8f3508c34f2eda125f3d,,,5AVK,8F07,https://search.rcsb.org/; https://data.rcsb.org/,"separate deposits establish occupancy, not relative affinity"
pdb_exact_sequence_ca_ree,CA/PR,CA,PR,false,b146b2cda1d68dfd96a2fe230850273780132a51e74f8f3508c34f2eda125f3d,,,5AVK,8FYO,https://search.rcsb.org/; https://data.rcsb.org/,"separate deposits establish occupancy, not relative affinity"
pdb_exact_sequence_ca_ree,CA/PR,CA,PR,false,b146b2cda1d68dfd96a2fe230850273780132a51e74f8f3508c34f2eda125f3d,,,5AVK,8FYP,https://search.rcsb.org/; https://data.rcsb.org/,"separate deposits establish occupancy, not relative affinity"
pdb_exact_sequence_ca_ree,CA/PR,CA,PR,false,b146b2cda1d68dfd96a2fe230850273780132a51e74f8f3508c34f2eda125f3d,,,5AVK,8FYQ,https://search.rcsb.org/; https://data.rcsb.org/,"separate deposits establish occupancy, not relative affinity"
pdb_exact_sequence_ca_ree,CA/PR,CA,PR,false,b146b2cda1d68dfd96a2fe230850273780132a51e74f8f3508c34f2eda125f3d,,,5AVK,8FYR,https://search.rcsb.org/; https://data.rcsb.org/,"separate deposits establish occupancy, not relative affinity"
pdb_exact_sequence_ca_ree,CA/PR,CA,PR,false,b146b2cda1d68dfd96a2fe230850273780132a51e74f8f3508c34f2eda125f3d,,,5AVK,8FYS,https://search.rcsb.org/; https://data.rcsb.org/,"separate deposits establish occupancy, not relative affinity"
pdb_exact_sequence_ca_ree,CA/PR,CA,PR,false,b146b2cda1d68dfd96a2fe230850273780132a51e74f8f3508c34f2eda125f3d,,,5AVK,8SOG,https://search.rcsb.org/; https://data.rcsb.org/,"separate deposits establish occupancy, not relative affinity"
pdb_exact_sequence_ca_ree,CA/PR,CA,PR,false,b146b2cda1d68dfd96a2fe230850273780132a51e74f8f3508c34f2eda125f3d,,,5AVK,8SOU,https://search.rcsb.org/; https://data.rcsb.org/,"separate deposits establish occupancy, not relative affinity"
pdb_exact_sequence_ca_ree,CA/PR,CA,PR,false,b146b2cda1d68dfd96a2fe230850273780132a51e74f8f3508c34f2eda125f3d,,,5AVK,8SOV,https://search.rcsb.org/; https://data.rcsb.org/,"separate deposits establish occupancy, not relative affinity"
pdb_exact_sequence_ca_ree,CA/PR,CA,PR,false,b146b2cda1d68dfd96a2fe230850273780132a51e74f8f3508c34f2eda125f3d,,,5AVK,8SPL,https://search.rcsb.org/; https://data.rcsb.org/,"separate deposits establish occupancy, not relative affinity"
pdb_exact_sequence_ca_ree,CA/PR,CA,PR,false,b146b2cda1d68dfd96a2fe230850273780132a51e74f8f3508c34f2eda125f3d,,,5AVK,8SQV,https://search.rcsb.org/; https://data.rcsb.org/,"separate deposits establish occupancy, not relative affinity"
pdb_exact_sequence_ca_ree,CA/PR,CA,PR,false,b146b2cda1d68dfd96a2fe230850273780132a51e74f8f3508c34f2eda125f3d,,,5AVK,9DHO,https://search.rcsb.org/; https://data.rcsb.org/,"separate deposits establish occupancy, not relative affinity"
pdb_exact_sequence_ca_ree,CA/PR,CA,PR,false,b146b2cda1d68dfd96a2fe230850273780132a51e74f8f3508c34f2eda125f3d,,,5AVK,9FTX,https://search.rcsb.org/; https://data.rcsb.org/,"separate deposits establish occupancy, not relative affinity"
pdb_exact_sequence_ca_ree,CA/PR,CA,PR,false,b146b2cda1d68dfd96a2fe230850273780132a51e74f8f3508c34f2eda125f3d,,,5AVK,9FTY,https://search.rcsb.org/; https://data.rcsb.org/,"separate deposits establish occupancy, not relative affinity"
pdb_exact_sequence_ca_ree,CA/PR,CA,PR,false,b146b2cda1d68dfd96a2fe230850273780132a51e74f8f3508c34f2eda125f3d,,,5AVK,9FU1,https://search.rcsb.org/; https://data.rcsb.org/,"separate deposits establish occupancy, not relative affinity"
pdb_exact_sequence_ca_ree,CA/PR,CA,PR,false,b146b2cda1d68dfd96a2fe230850273780132a51e74f8f3508c34f2eda125f3d,,,5AVK,9N0F,https://search.rcsb.org/; https://data.rcsb.org/,"separate deposits establish occupancy, not relative affinity"
pdb_exact_sequence_ca_ree,CA/PR,CA,PR,false,b146b2cda1d68dfd96a2fe230850273780132a51e74f8f3508c34f2eda125f3d,,,5AVK,9N0G,https://search.rcsb.org/; https://data.rcsb.org/,"separate deposits establish occupancy, not relative affinity"
pdb_exact_sequence_ca_ree,CA/PR,CA,PR,false,b146b2cda1d68dfd96a2fe230850273780132a51e74f8f3508c34f2eda125f3d,,,5AVK,9N0H,https://search.rcsb.org/; https://data.rcsb.org/,"separate deposits establish occupancy, not relative affinity"
pdb_exact_sequence_ca_ree,CA/PR,CA,PR,false,b146b2cda1d68dfd96a2fe230850273780132a51e74f8f3508c34f2eda125f3d,,,5AVK,9ODV,https://search.rcsb.org/; https://data.rcsb.org/,"separate deposits establish occupancy, not relative affinity"
pdb_exact_sequence_ca_ree,CA/PR,CA,PR,false,b146b2cda1d68dfd96a2fe230850273780132a51e74f8f3508c34f2eda125f3d,,,5AVK,9ODW,https://search.rcsb.org/; https://data.rcsb.org/,"separate deposits establish occupancy, not relative affinity"
pdb_exact_sequence_ca_ree,CA/PR,CA,PR,false,b146b2cda1d68dfd96a2fe230850273780132a51e74f8f3508c34f2eda125f3d,,,5AVK,9OYY,https://search.rcsb.org/; https://data.rcsb.org/,"separate deposits establish occupancy, not relative affinity"
pdb_exact_sequence_ca_ree,CA/PR,CA,PR,false,b146b2cda1d68dfd96a2fe230850273780132a51e74f8f3508c34f2eda125f3d,,,5WRC,1IC6,https://search.rcsb.org/; https://data.rcsb.org/,"separate deposits establish occupancy, not relative affinity"
pdb_exact_sequence_ca_ree,CA/PR,CA,PR,false,b146b2cda1d68dfd96a2fe230850273780132a51e74f8f3508c34f2eda125f3d,,,5WRC,1P7V,https://search.rcsb.org/; https://data.rcsb.org/,"separate deposits establish occupancy, not relative affinity"
pdb_exact_sequence_ca_ree,CA/PR,CA,PR,false,b146b2cda1d68dfd96a2fe230850273780132a51e74f8f3508c34f2eda125f3d,,,5WRC,1P7W,https://search.rcsb.org/; https://data.rcsb.org/,"separate deposits establish occupancy, not relative affinity"
pdb_exact_sequence_ca_ree,CA/PR,CA,PR,false,b146b2cda1d68dfd96a2fe230850273780132a51e74f8f3508c34f2eda125f3d,,,5WRC,28EP,https://search.rcsb.org/; https://data.rcsb.org/,"separate deposits establish occupancy, not relative affinity"
pdb_exact_sequence_ca_ree,CA/PR,CA,PR,false,b146b2cda1d68dfd96a2fe230850273780132a51e74f8f3508c34f2eda125f3d,,,5WRC,2DQK,https://search.rcsb.org/; https://data.rcsb.org/,"separate deposits establish occupancy, not relative affinity"
pdb_exact_sequence_ca_ree,CA/PR,CA,PR,false,b146b2cda1d68dfd96a2fe230850273780132a51e74f8f3508c34f2eda125f3d,,,5WRC,2DUJ,https://search.rcsb.org/; https://data.rcsb.org/,"separate deposits establish occupancy, not relative affinity"
pdb_exact_sequence_ca_ree,CA/PR,CA,PR,false,b146b2cda1d68dfd96a2fe230850273780132a51e74f8f3508c34f2eda125f3d,,,5WRC,2G4V,https://search.rcsb.org/; https://data.rcsb.org/,"separate deposits establish occupancy, not relative affinity"
pdb_exact_sequence_ca_ree,CA/PR,CA,PR,false,b146b2cda1d68dfd96a2fe230850273780132a51e74f8f3508c34f2eda125f3d,,,5WRC,2HD4,https://search.rcsb.org/; https://data.rcsb.org/,"separate deposits establish occupancy, not relative affinity"
pdb_exact_sequence_ca_ree,CA/PR,CA,PR,false,b146b2cda1d68dfd96a2fe230850273780132a51e74f8f3508c34f2eda125f3d,,,5WRC,2HPZ,https://search.rcsb.org/; https://data.rcsb.org/,"separate deposits establish occupancy, not relative affinity"
pdb_exact_sequence_ca_ree,CA/PR,CA,PR,false,b146b2cda1d68dfd96a2fe230850273780132a51e74f8f3508c34f2eda125f3d,,,5WRC,2ID8,https://search.rcsb.org/; https://data.rcsb.org/,"separate deposits establish occupancy, not relative affinity"
pdb_exact_sequence_ca_ree,CA/PR,CA,PR,false,b146b2cda1d68dfd96a2fe230850273780132a51e74f8f3508c34f2eda125f3d,,,5WRC,2PQ2,https://search.rcsb.org/; https://data.rcsb.org/,"separate deposits establish occupancy, not relative affinity"
pdb_exact_sequence_ca_ree,CA/PR,CA,PR,false,b146b2cda1d68dfd96a2fe230850273780132a51e74f8f3508c34f2eda125f3d,,,5WRC,2PWA,https://search.rcsb.org/; https://data.rcsb.org/,"separate deposits establish occupancy, not relative affinity"
pdb_exact_sequence_ca_ree,CA/PR,CA,PR,false,b146b2cda1d68dfd96a2fe230850273780132a51e74f8f3508c34f2eda125f3d,,,5WRC,2PWB,https://search.rcsb.org/; https://data.rcsb.org/,"separate deposits establish occupancy, not relative affinity"
pdb_exact_sequence_ca_ree,CA/PR,CA,PR,false,b146b2cda1d68dfd96a2fe230850273780132a51e74f8f3508c34f2eda125f3d,,,5WRC,2PYZ,https://search.rcsb.org/; https://data.rcsb.org/,"separate deposits establish occupancy, not relative affinity"
pdb_exact_sequence_ca_ree,CA/PR,CA,PR,false,b146b2cda1d68dfd96a2fe230850273780132a51e74f8f3508c34f2eda125f3d,,,5WRC,2V8B,https://search.rcsb.org/; https://data.rcsb.org/,"separate deposits establish occupancy, not relative affinity"
pdb_exact_sequence_ca_ree,CA/PR,CA,PR,false,b146b2cda1d68dfd96a2fe230850273780132a51e74f8f3508c34f2eda125f3d,,,5WRC,3AJ8,https://search.rcsb.org/; https://data.rcsb.org/,"separate deposits establish occupancy, not relative affinity"
pdb_exact_sequence_ca_ree,CA/PR,CA,PR,false,b146b2cda1d68dfd96a2fe230850273780132a51e74f8f3508c34f2eda125f3d,,,5WRC,3AJ9,https://search.rcsb.org/; https://data.rcsb.org/,"separate deposits establish occupancy, not relative affinity"
pdb_exact_sequence_ca_ree,CA/PR,CA,PR,false,b146b2cda1d68dfd96a2fe230850273780132a51e74f8f3508c34f2eda125f3d,,,5WRC,3DYB,https://search.rcsb.org/; https://data.rcsb.org/,"separate deposits establish occupancy, not relative affinity"
pdb_exact_sequence_ca_ree,CA/PR,CA,PR,false,b146b2cda1d68dfd96a2fe230850273780132a51e74f8f3508c34f2eda125f3d,,,5WRC,3L1K,https://search.rcsb.org/; https://data.rcsb.org/,"separate deposits establish occupancy, not relative affinity"
pdb_exact_sequence_ca_ree,CA/PR,CA,PR,false,b146b2cda1d68dfd96a2fe230850273780132a51e74f8f3508c34f2eda125f3d,,,5WRC,3OSZ,https://search.rcsb.org/; https://data.rcsb.org/,"separate deposits establish occupancy, not relative affinity"
pdb_exact_sequence_ca_ree,CA/PR,CA,PR,false,b146b2cda1d68dfd96a2fe230850273780132a51e74f8f3508c34f2eda125f3d,,,5WRC,3Q40,https://search.rcsb.org/; https://data.rcsb.org/,"separate deposits establish occupancy, not relative affinity"
pdb_exact_sequence_ca_ree,CA/PR,CA,PR,false,b146b2cda1d68dfd96a2fe230850273780132a51e74f8f3508c34f2eda125f3d,,,5WRC,3Q5G,https://search.rcsb.org/; https://data.rcsb.org/,"separate deposits establish occupancy, not relative affinity"
pdb_exact_sequence_ca_ree,CA/PR,CA,PR,false,b146b2cda1d68dfd96a2fe230850273780132a51e74f8f3508c34f2eda125f3d,,,5WRC,3QMP,https://search.rcsb.org/; https://data.rcsb.org/,"separate deposits establish occupancy, not relative affinity"
pdb_exact_sequence_ca_ree,CA/PR,CA,PR,false,b146b2cda1d68dfd96a2fe230850273780132a51e74f8f3508c34f2eda125f3d,,,5WRC,4B5L,https://search.rcsb.org/; https://data.rcsb.org/,"separate deposits establish occupancy, not relative affinity"
pdb_exact_sequence_ca_ree,CA/PR,CA,PR,false,b146b2cda1d68dfd96a2fe230850273780132a51e74f8f3508c34f2eda125f3d,,,5WRC,4FON,https://search.rcsb.org/; https://data.rcsb.org/,"separate deposits establish occupancy, not relative affinity"
pdb_exact_sequence_ca_ree,CA/PR,CA,PR,false,b146b2cda1d68dfd96a2fe230850273780132a51e74f8f3508c34f2eda125f3d,,,5WRC,4ZAR,https://search.rcsb.org/; https://data.rcsb.org/,"separate deposits establish occupancy, not relative affinity"
pdb_exact_sequence_ca_ree,CA/PR,CA,PR,false,b146b2cda1d68dfd96a2fe230850273780132a51e74f8f3508c34f2eda125f3d,,,5WRC,5AVJ,https://search.rcsb.org/; https://data.rcsb.org/,"separate deposits establish occupancy, not relative affinity"
pdb_exact_sequence_ca_ree,CA/PR,CA,PR,false,b146b2cda1d68dfd96a2fe230850273780132a51e74f8f3508c34f2eda125f3d,,,5WRC,5B1D,https://search.rcsb.org/; https://data.rcsb.org/,"separate deposits establish occupancy, not relative affinity"
pdb_exact_sequence_ca_ree,CA/PR,CA,PR,false,b146b2cda1d68dfd96a2fe230850273780132a51e74f8f3508c34f2eda125f3d,,,5WRC,5B1E,https://search.rcsb.org/; https://data.rcsb.org/,"separate deposits establish occupancy, not relative affinity"
pdb_exact_sequence_ca_ree,CA/PR,CA,PR,false,b146b2cda1d68dfd96a2fe230850273780132a51e74f8f3508c34f2eda125f3d,,,5WRC,5KXU,https://search.rcsb.org/; https://data.rcsb.org/,"separate deposits establish occupancy, not relative affinity"
pdb_exact_sequence_ca_ree,CA/PR,CA,PR,false,b146b2cda1d68dfd96a2fe230850273780132a51e74f8f3508c34f2eda125f3d,,,5WRC,5KXV,https://search.rcsb.org/; https://data.rcsb.org/,"separate deposits establish occupancy, not relative affinity"
pdb_exact_sequence_ca_ree,CA/PR,CA,PR,false,b146b2cda1d68dfd96a2fe230850273780132a51e74f8f3508c34f2eda125f3d,,,5WRC,5MJL,https://search.rcsb.org/; https://data.rcsb.org/,"separate deposits establish occupancy, not relative affinity"
pdb_exact_sequence_ca_ree,CA/PR,CA,PR,false,b146b2cda1d68dfd96a2fe230850273780132a51e74f8f3508c34f2eda125f3d,,,5WRC,5UVL,https://search.rcsb.org/; https://data.rcsb.org/,"separate deposits establish occupancy, not relative affinity"
pdb_exact_sequence_ca_ree,CA/PR,CA,PR,false,b146b2cda1d68dfd96a2fe230850273780132a51e74f8f3508c34f2eda125f3d,,,5WRC,5WHW,https://search.rcsb.org/; https://data.rcsb.org/,"separate deposits establish occupancy, not relative affinity"
pdb_exact_sequence_ca_ree,CA/PR,CA,PR,false,b146b2cda1d68dfd96a2fe230850273780132a51e74f8f3508c34f2eda125f3d,,,5WRC,5WJG,https://search.rcsb.org/; https://data.rcsb.org/,"separate deposits establish occupancy, not relative affinity"
pdb_exact_sequence_ca_ree,CA/PR,CA,PR,false,b146b2cda1d68dfd96a2fe230850273780132a51e74f8f3508c34f2eda125f3d,,,5WRC,5WJH,https://search.rcsb.org/; https://data.rcsb.org/,"separate deposits establish occupancy, not relative affinity"
pdb_exact_sequence_ca_ree,CA/PR,CA,PR,false,b146b2cda1d68dfd96a2fe230850273780132a51e74f8f3508c34f2eda125f3d,,,5WRC,6FJS,https://search.rcsb.org/; https://data.rcsb.org/,"separate deposits establish occupancy, not relative affinity"
pdb_exact_sequence_ca_ree,CA/PR,CA,PR,false,b146b2cda1d68dfd96a2fe230850273780132a51e74f8f3508c34f2eda125f3d,,,5WRC,6J43,https://search.rcsb.org/; https://data.rcsb.org/,"separate deposits establish occupancy, not relative affinity"
pdb_exact_sequence_ca_ree,CA/PR,CA,PR,false,b146b2cda1d68dfd96a2fe230850273780132a51e74f8f3508c34f2eda125f3d,,,5WRC,6K2P,https://search.rcsb.org/; https://data.rcsb.org/,"separate deposits establish occupancy, not relative affinity"
pdb_exact_sequence_ca_ree,CA/PR,CA,PR,false,b146b2cda1d68dfd96a2fe230850273780132a51e74f8f3508c34f2eda125f3d,,,5WRC,6K2R,https://search.rcsb.org/; https://data.rcsb.org/,"separate deposits establish occupancy, not relative affinity"
pdb_exact_sequence_ca_ree,CA/PR,CA,PR,false,b146b2cda1d68dfd96a2fe230850273780132a51e74f8f3508c34f2eda125f3d,,,5WRC,6K2S,https://search.rcsb.org/; https://data.rcsb.org/,"separate deposits establish occupancy, not relative affinity"
pdb_exact_sequence_ca_ree,CA/PR,CA,PR,false,b146b2cda1d68dfd96a2fe230850273780132a51e74f8f3508c34f2eda125f3d,,,5WRC,6K2T,https://search.rcsb.org/; https://data.rcsb.org/,"separate deposits establish occupancy, not relative affinity"
pdb_exact_sequence_ca_ree,CA/PR,CA,PR,false,b146b2cda1d68dfd96a2fe230850273780132a51e74f8f3508c34f2eda125f3d,,,5WRC,6K2V,https://search.rcsb.org/; https://data.rcsb.org/,"separate deposits establish occupancy, not relative affinity"
pdb_exact_sequence_ca_ree,CA/PR,CA,PR,false,b146b2cda1d68dfd96a2fe230850273780132a51e74f8f3508c34f2eda125f3d,,,5WRC,6K2W,https://search.rcsb.org/; https://data.rcsb.org/,"separate deposits establish occupancy, not relative affinity"
pdb_exact_sequence_ca_ree,CA/PR,CA,PR,false,b146b2cda1d68dfd96a2fe230850273780132a51e74f8f3508c34f2eda125f3d,,,5WRC,6MH6,https://search.rcsb.org/; https://data.rcsb.org/,"separate deposits establish occupancy, not relative affinity"
pdb_exact_sequence_ca_ree,CA/PR,CA,PR,false,b146b2cda1d68dfd96a2fe230850273780132a51e74f8f3508c34f2eda125f3d,,,5WRC,6N4U,https://search.rcsb.org/; https://data.rcsb.org/,"separate deposits establish occupancy, not relative affinity"
pdb_exact_sequence_ca_ree,CA/PR,CA,PR,false,b146b2cda1d68dfd96a2fe230850273780132a51e74f8f3508c34f2eda125f3d,,,5WRC,6QF1,https://search.rcsb.org/; https://data.rcsb.org/,"separate deposits establish occupancy, not relative affinity"
pdb_exact_sequence_ca_ree,CA/PR,CA,PR,false,b146b2cda1d68dfd96a2fe230850273780132a51e74f8f3508c34f2eda125f3d,,,5WRC,6QXV,https://search.rcsb.org/; https://data.rcsb.org/,"separate deposits establish occupancy, not relative affinity"
pdb_exact_sequence_ca_ree,CA/PR,CA,PR,false,b146b2cda1d68dfd96a2fe230850273780132a51e74f8f3508c34f2eda125f3d,,,5WRC,6RZP,https://search.rcsb.org/; https://data.rcsb.org/,"separate deposits establish occupancy, not relative affinity"
pdb_exact_sequence_ca_ree,CA/PR,CA,PR,false,b146b2cda1d68dfd96a2fe230850273780132a51e74f8f3508c34f2eda125f3d,,,5WRC,6TXG,https://search.rcsb.org/; https://data.rcsb.org/,"separate deposits establish occupancy, not relative affinity"
pdb_exact_sequence_ca_ree,CA/PR,CA,PR,false,b146b2cda1d68dfd96a2fe230850273780132a51e74f8f3508c34f2eda125f3d,,,5WRC,6V8R,https://search.rcsb.org/; https://data.rcsb.org/,"separate deposits establish occupancy, not relative affinity"
pdb_exact_sequence_ca_ree,CA/PR,CA,PR,false,b146b2cda1d68dfd96a2fe230850273780132a51e74f8f3508c34f2eda125f3d,,,5WRC,6ZET,https://search.rcsb.org/; https://data.rcsb.org/,"separate deposits establish occupancy, not relative affinity"
pdb_exact_sequence_ca_ree,CA/PR,CA,PR,false,b146b2cda1d68dfd96a2fe230850273780132a51e74f8f3508c34f2eda125f3d,,,5WRC,6ZEU,https://search.rcsb.org/; https://data.rcsb.org/,"separate deposits establish occupancy, not relative affinity"
pdb_exact_sequence_ca_ree,CA/PR,CA,PR,false,b146b2cda1d68dfd96a2fe230850273780132a51e74f8f3508c34f2eda125f3d,,,5WRC,6ZEV,https://search.rcsb.org/; https://data.rcsb.org/,"separate deposits establish occupancy, not relative affinity"
pdb_exact_sequence_ca_ree,CA/PR,CA,PR,false,b146b2cda1d68dfd96a2fe230850273780132a51e74f8f3508c34f2eda125f3d,,,5WRC,7C0P,https://search.rcsb.org/; https://data.rcsb.org/,"separate deposits establish occupancy, not relative affinity"
pdb_exact_sequence_ca_ree,CA/PR,CA,PR,false,b146b2cda1d68dfd96a2fe230850273780132a51e74f8f3508c34f2eda125f3d,,,5WRC,7LN7,https://search.rcsb.org/; https://data.rcsb.org/,"separate deposits establish occupancy, not relative affinity"
pdb_exact_sequence_ca_ree,CA/PR,CA,PR,false,b146b2cda1d68dfd96a2fe230850273780132a51e74f8f3508c34f2eda125f3d,,,5WRC,7LPT,https://search.rcsb.org/; https://data.rcsb.org/,"separate deposits establish occupancy, not relative affinity"
pdb_exact_sequence_ca_ree,CA/PR,CA,PR,false,b146b2cda1d68dfd96a2fe230850273780132a51e74f8f3508c34f2eda125f3d,,,5WRC,7LPU,https://search.rcsb.org/; https://data.rcsb.org/,"separate deposits establish occupancy, not relative affinity"
pdb_exact_sequence_ca_ree,CA/PR,CA,PR,false,b146b2cda1d68dfd96a2fe230850273780132a51e74f8f3508c34f2eda125f3d,,,5WRC,7LPV,https://search.rcsb.org/; https://data.rcsb.org/,"separate deposits establish occupancy, not relative affinity"
pdb_exact_sequence_ca_ree,CA/PR,CA,PR,false,b146b2cda1d68dfd96a2fe230850273780132a51e74f8f3508c34f2eda125f3d,,,5WRC,7LQ8,https://search.rcsb.org/; https://data.rcsb.org/,"separate deposits establish occupancy, not relative affinity"
pdb_exact_sequence_ca_ree,CA/PR,CA,PR,false,b146b2cda1d68dfd96a2fe230850273780132a51e74f8f3508c34f2eda125f3d,,,5WRC,7LQ9,https://search.rcsb.org/; https://data.rcsb.org/,"separate deposits establish occupancy, not relative affinity"
pdb_exact_sequence_ca_ree,CA/PR,CA,PR,false,b146b2cda1d68dfd96a2fe230850273780132a51e74f8f3508c34f2eda125f3d,,,5WRC,7LQA,https://search.rcsb.org/; https://data.rcsb.org/,"separate deposits establish occupancy, not relative affinity"
pdb_exact_sequence_ca_ree,CA/PR,CA,PR,false,b146b2cda1d68dfd96a2fe230850273780132a51e74f8f3508c34f2eda125f3d,,,5WRC,7LQB,https://search.rcsb.org/; https://data.rcsb.org/,"separate deposits establish occupancy, not relative affinity"
pdb_exact_sequence_ca_ree,CA/PR,CA,PR,false,b146b2cda1d68dfd96a2fe230850273780132a51e74f8f3508c34f2eda125f3d,,,5WRC,7LQC,https://search.rcsb.org/; https://data.rcsb.org/,"separate deposits establish occupancy, not relative affinity"
pdb_exact_sequence_ca_ree,CA/PR,CA,PR,false,b146b2cda1d68dfd96a2fe230850273780132a51e74f8f3508c34f2eda125f3d,,,5WRC,7LTD,https://search.rcsb.org/; https://data.rcsb.org/,"separate deposits establish occupancy, not relative affinity"
pdb_exact_sequence_ca_ree,CA/PR,CA,PR,false,b146b2cda1d68dfd96a2fe230850273780132a51e74f8f3508c34f2eda125f3d,,,5WRC,7LTI,https://search.rcsb.org/; https://data.rcsb.org/,"separate deposits establish occupancy, not relative affinity"
pdb_exact_sequence_ca_ree,CA/PR,CA,PR,false,b146b2cda1d68dfd96a2fe230850273780132a51e74f8f3508c34f2eda125f3d,,,5WRC,7LTV,https://search.rcsb.org/; https://data.rcsb.org/,"separate deposits establish occupancy, not relative affinity"
pdb_exact_sequence_ca_ree,CA/PR,CA,PR,false,b146b2cda1d68dfd96a2fe230850273780132a51e74f8f3508c34f2eda125f3d,,,5WRC,7LU0,https://search.rcsb.org/; https://data.rcsb.org/,"separate deposits establish occupancy, not relative affinity"
pdb_exact_sequence_ca_ree,CA/PR,CA,PR,false,b146b2cda1d68dfd96a2fe230850273780132a51e74f8f3508c34f2eda125f3d,,,5WRC,7LU1,https://search.rcsb.org/; https://data.rcsb.org/,"separate deposits establish occupancy, not relative affinity"
pdb_exact_sequence_ca_ree,CA/PR,CA,PR,false,b146b2cda1d68dfd96a2fe230850273780132a51e74f8f3508c34f2eda125f3d,,,5WRC,7LU2,https://search.rcsb.org/; https://data.rcsb.org/,"separate deposits establish occupancy, not relative affinity"
pdb_exact_sequence_ca_ree,CA/PR,CA,PR,false,b146b2cda1d68dfd96a2fe230850273780132a51e74f8f3508c34f2eda125f3d,,,5WRC,7LU3,https://search.rcsb.org/; https://data.rcsb.org/,"separate deposits establish occupancy, not relative affinity"
pdb_exact_sequence_ca_ree,CA/PR,CA,PR,false,b146b2cda1d68dfd96a2fe230850273780132a51e74f8f3508c34f2eda125f3d,,,5WRC,7S4Z,https://search.rcsb.org/; https://data.rcsb.org/,"separate deposits establish occupancy, not relative affinity"
pdb_exact_sequence_ca_ree,CA/PR,CA,PR,false,b146b2cda1d68dfd96a2fe230850273780132a51e74f8f3508c34f2eda125f3d,,,5WRC,8E53,https://search.rcsb.org/; https://data.rcsb.org/,"separate deposits establish occupancy, not relative affinity"
pdb_exact_sequence_ca_ree,CA/PR,CA,PR,false,b146b2cda1d68dfd96a2fe230850273780132a51e74f8f3508c34f2eda125f3d,,,5WRC,8F05,https://search.rcsb.org/; https://data.rcsb.org/,"separate deposits establish occupancy, not relative affinity"
pdb_exact_sequence_ca_ree,CA/PR,CA,PR,false,b146b2cda1d68dfd96a2fe230850273780132a51e74f8f3508c34f2eda125f3d,,,5WRC,8F06,https://search.rcsb.org/; https://data.rcsb.org/,"separate deposits establish occupancy, not relative affinity"
pdb_exact_sequence_ca_ree,CA/PR,CA,PR,false,b146b2cda1d68dfd96a2fe230850273780132a51e74f8f3508c34f2eda125f3d,,,5WRC,8F07,https://search.rcsb.org/; https://data.rcsb.org/,"separate deposits establish occupancy, not relative affinity"
pdb_exact_sequence_ca_ree,CA/PR,CA,PR,false,b146b2cda1d68dfd96a2fe230850273780132a51e74f8f3508c34f2eda125f3d,,,5WRC,8FYO,https://search.rcsb.org/; https://data.rcsb.org/,"separate deposits establish occupancy, not relative affinity"
pdb_exact_sequence_ca_ree,CA/PR,CA,PR,false,b146b2cda1d68dfd96a2fe230850273780132a51e74f8f3508c34f2eda125f3d,,,5WRC,8FYP,https://search.rcsb.org/; https://data.rcsb.org/,"separate deposits establish occupancy, not relative affinity"
pdb_exact_sequence_ca_ree,CA/PR,CA,PR,false,b146b2cda1d68dfd96a2fe230850273780132a51e74f8f3508c34f2eda125f3d,,,5WRC,8FYQ,https://search.rcsb.org/; https://data.rcsb.org/,"separate deposits establish occupancy, not relative affinity"
pdb_exact_sequence_ca_ree,CA/PR,CA,PR,false,b146b2cda1d68dfd96a2fe230850273780132a51e74f8f3508c34f2eda125f3d,,,5WRC,8FYR,https://search.rcsb.org/; https://data.rcsb.org/,"separate deposits establish occupancy, not relative affinity"
pdb_exact_sequence_ca_ree,CA/PR,CA,PR,false,b146b2cda1d68dfd96a2fe230850273780132a51e74f8f3508c34f2eda125f3d,,,5WRC,8FYS,https://search.rcsb.org/; https://data.rcsb.org/,"separate deposits establish occupancy, not relative affinity"
pdb_exact_sequence_ca_ree,CA/PR,CA,PR,false,b146b2cda1d68dfd96a2fe230850273780132a51e74f8f3508c34f2eda125f3d,,,5WRC,8SOG,https://search.rcsb.org/; https://data.rcsb.org/,"separate deposits establish occupancy, not relative affinity"
pdb_exact_sequence_ca_ree,CA/PR,CA,PR,false,b146b2cda1d68dfd96a2fe230850273780132a51e74f8f3508c34f2eda125f3d,,,5WRC,8SOU,https://search.rcsb.org/; https://data.rcsb.org/,"separate deposits establish occupancy, not relative affinity"
pdb_exact_sequence_ca_ree,CA/PR,CA,PR,false,b146b2cda1d68dfd96a2fe230850273780132a51e74f8f3508c34f2eda125f3d,,,5WRC,8SOV,https://search.rcsb.org/; https://data.rcsb.org/,"separate deposits establish occupancy, not relative affinity"
pdb_exact_sequence_ca_ree,CA/PR,CA,PR,false,b146b2cda1d68dfd96a2fe230850273780132a51e74f8f3508c34f2eda125f3d,,,5WRC,8SPL,https://search.rcsb.org/; https://data.rcsb.org/,"separate deposits establish occupancy, not relative affinity"
pdb_exact_sequence_ca_ree,CA/PR,CA,PR,false,b146b2cda1d68dfd96a2fe230850273780132a51e74f8f3508c34f2eda125f3d,,,5WRC,8SQV,https://search.rcsb.org/; https://data.rcsb.org/,"separate deposits establish occupancy, not relative affinity"
pdb_exact_sequence_ca_ree,CA/PR,CA,PR,false,b146b2cda1d68dfd96a2fe230850273780132a51e74f8f3508c34f2eda125f3d,,,5WRC,9DHO,https://search.rcsb.org/; https://data.rcsb.org/,"separate deposits establish occupancy, not relative affinity"
pdb_exact_sequence_ca_ree,CA/PR,CA,PR,false,b146b2cda1d68dfd96a2fe230850273780132a51e74f8f3508c34f2eda125f3d,,,5WRC,9FTX,https://search.rcsb.org/; https://data.rcsb.org/,"separate deposits establish occupancy, not relative affinity"
pdb_exact_sequence_ca_ree,CA/PR,CA,PR,false,b146b2cda1d68dfd96a2fe230850273780132a51e74f8f3508c34f2eda125f3d,,,5WRC,9FTY,https://search.rcsb.org/; https://data.rcsb.org/,"separate deposits establish occupancy, not relative affinity"
pdb_exact_sequence_ca_ree,CA/PR,CA,PR,false,b146b2cda1d68dfd96a2fe230850273780132a51e74f8f3508c34f2eda125f3d,,,5WRC,9FU1,https://search.rcsb.org/; https://data.rcsb.org/,"separate deposits establish occupancy, not relative affinity"
pdb_exact_sequence_ca_ree,CA/PR,CA,PR,false,b146b2cda1d68dfd96a2fe230850273780132a51e74f8f3508c34f2eda125f3d,,,5WRC,9N0F,https://search.rcsb.org/; https://data.rcsb.org/,"separate deposits establish occupancy, not relative affinity"
pdb_exact_sequence_ca_ree,CA/PR,CA,PR,false,b146b2cda1d68dfd96a2fe230850273780132a51e74f8f3508c34f2eda125f3d,,,5WRC,9N0G,https://search.rcsb.org/; https://data.rcsb.org/,"separate deposits establish occupancy, not relative affinity"
pdb_exact_sequence_ca_ree,CA/PR,CA,PR,false,b146b2cda1d68dfd96a2fe230850273780132a51e74f8f3508c34f2eda125f3d,,,5WRC,9N0H,https://search.rcsb.org/; https://data.rcsb.org/,"separate deposits establish occupancy, not relative affinity"
pdb_exact_sequence_ca_ree,CA/PR,CA,PR,false,b146b2cda1d68dfd96a2fe230850273780132a51e74f8f3508c34f2eda125f3d,,,5WRC,9ODV,https://search.rcsb.org/; https://data.rcsb.org/,"separate deposits establish occupancy, not relative affinity"
pdb_exact_sequence_ca_ree,CA/PR,CA,PR,false,b146b2cda1d68dfd96a2fe230850273780132a51e74f8f3508c34f2eda125f3d,,,5WRC,9ODW,https://search.rcsb.org/; https://data.rcsb.org/,"separate deposits establish occupancy, not relative affinity"
pdb_exact_sequence_ca_ree,CA/PR,CA,PR,false,b146b2cda1d68dfd96a2fe230850273780132a51e74f8f3508c34f2eda125f3d,,,5WRC,9OYY,https://search.rcsb.org/; https://data.rcsb.org/,"separate deposits establish occupancy, not relative affinity"
pdb_exact_sequence_ca_ree,CA/PR,CA,PR,false,b146b2cda1d68dfd96a2fe230850273780132a51e74f8f3508c34f2eda125f3d,,,6K2X,1IC6,https://search.rcsb.org/; https://data.rcsb.org/,"separate deposits establish occupancy, not relative affinity"
pdb_exact_sequence_ca_ree,CA/PR,CA,PR,false,b146b2cda1d68dfd96a2fe230850273780132a51e74f8f3508c34f2eda125f3d,,,6K2X,1P7V,https://search.rcsb.org/; https://data.rcsb.org/,"separate deposits establish occupancy, not relative affinity"
pdb_exact_sequence_ca_ree,CA/PR,CA,PR,false,b146b2cda1d68dfd96a2fe230850273780132a51e74f8f3508c34f2eda125f3d,,,6K2X,1P7W,https://search.rcsb.org/; https://data.rcsb.org/,"separate deposits establish occupancy, not relative affinity"
pdb_exact_sequence_ca_ree,CA/PR,CA,PR,false,b146b2cda1d68dfd96a2fe230850273780132a51e74f8f3508c34f2eda125f3d,,,6K2X,28EP,https://search.rcsb.org/; https://data.rcsb.org/,"separate deposits establish occupancy, not relative affinity"
pdb_exact_sequence_ca_ree,CA/PR,CA,PR,false,b146b2cda1d68dfd96a2fe230850273780132a51e74f8f3508c34f2eda125f3d,,,6K2X,2DQK,https://search.rcsb.org/; https://data.rcsb.org/,"separate deposits establish occupancy, not relative affinity"
pdb_exact_sequence_ca_ree,CA/PR,CA,PR,false,b146b2cda1d68dfd96a2fe230850273780132a51e74f8f3508c34f2eda125f3d,,,6K2X,2DUJ,https://search.rcsb.org/; https://data.rcsb.org/,"separate deposits establish occupancy, not relative affinity"
pdb_exact_sequence_ca_ree,CA/PR,CA,PR,false,b146b2cda1d68dfd96a2fe230850273780132a51e74f8f3508c34f2eda125f3d,,,6K2X,2G4V,https://search.rcsb.org/; https://data.rcsb.org/,"separate deposits establish occupancy, not relative affinity"
pdb_exact_sequence_ca_ree,CA/PR,CA,PR,false,b146b2cda1d68dfd96a2fe230850273780132a51e74f8f3508c34f2eda125f3d,,,6K2X,2HD4,https://search.rcsb.org/; https://data.rcsb.org/,"separate deposits establish occupancy, not relative affinity"
pdb_exact_sequence_ca_ree,CA/PR,CA,PR,false,b146b2cda1d68dfd96a2fe230850273780132a51e74f8f3508c34f2eda125f3d,,,6K2X,2HPZ,https://search.rcsb.org/; https://data.rcsb.org/,"separate deposits establish occupancy, not relative affinity"
pdb_exact_sequence_ca_ree,CA/PR,CA,PR,false,b146b2cda1d68dfd96a2fe230850273780132a51e74f8f3508c34f2eda125f3d,,,6K2X,2ID8,https://search.rcsb.org/; https://data.rcsb.org/,"separate deposits establish occupancy, not relative affinity"
pdb_exact_sequence_ca_ree,CA/PR,CA,PR,false,b146b2cda1d68dfd96a2fe230850273780132a51e74f8f3508c34f2eda125f3d,,,6K2X,2PQ2,https://search.rcsb.org/; https://data.rcsb.org/,"separate deposits establish occupancy, not relative affinity"
pdb_exact_sequence_ca_ree,CA/PR,CA,PR,false,b146b2cda1d68dfd96a2fe230850273780132a51e74f8f3508c34f2eda125f3d,,,6K2X,2PWA,https://search.rcsb.org/; https://data.rcsb.org/,"separate deposits establish occupancy, not relative affinity"
pdb_exact_sequence_ca_ree,CA/PR,CA,PR,false,b146b2cda1d68dfd96a2fe230850273780132a51e74f8f3508c34f2eda125f3d,,,6K2X,2PWB,https://search.rcsb.org/; https://data.rcsb.org/,"separate deposits establish occupancy, not relative affinity"
pdb_exact_sequence_ca_ree,CA/PR,CA,PR,false,b146b2cda1d68dfd96a2fe230850273780132a51e74f8f3508c34f2eda125f3d,,,6K2X,2PYZ,https://search.rcsb.org/; https://data.rcsb.org/,"separate deposits establish occupancy, not relative affinity"
pdb_exact_sequence_ca_ree,CA/PR,CA,PR,false,b146b2cda1d68dfd96a2fe230850273780132a51e74f8f3508c34f2eda125f3d,,,6K2X,2V8B,https://search.rcsb.org/; https://data.rcsb.org/,"separate deposits establish occupancy, not relative affinity"
pdb_exact_sequence_ca_ree,CA/PR,CA,PR,false,b146b2cda1d68dfd96a2fe230850273780132a51e74f8f3508c34f2eda125f3d,,,6K2X,3AJ8,https://search.rcsb.org/; https://data.rcsb.org/,"separate deposits establish occupancy, not relative affinity"
pdb_exact_sequence_ca_ree,CA/PR,CA,PR,false,b146b2cda1d68dfd96a2fe230850273780132a51e74f8f3508c34f2eda125f3d,,,6K2X,3AJ9,https://search.rcsb.org/; https://data.rcsb.org/,"separate deposits establish occupancy, not relative affinity"
pdb_exact_sequence_ca_ree,CA/PR,CA,PR,false,b146b2cda1d68dfd96a2fe230850273780132a51e74f8f3508c34f2eda125f3d,,,6K2X,3DYB,https://search.rcsb.org/; https://data.rcsb.org/,"separate deposits establish occupancy, not relative affinity"
pdb_exact_sequence_ca_ree,CA/PR,CA,PR,false,b146b2cda1d68dfd96a2fe230850273780132a51e74f8f3508c34f2eda125f3d,,,6K2X,3L1K,https://search.rcsb.org/; https://data.rcsb.org/,"separate deposits establish occupancy, not relative affinity"
pdb_exact_sequence_ca_ree,CA/PR,CA,PR,false,b146b2cda1d68dfd96a2fe230850273780132a51e74f8f3508c34f2eda125f3d,,,6K2X,3OSZ,https://search.rcsb.org/; https://data.rcsb.org/,"separate deposits establish occupancy, not relative affinity"
pdb_exact_sequence_ca_ree,CA/PR,CA,PR,false,b146b2cda1d68dfd96a2fe230850273780132a51e74f8f3508c34f2eda125f3d,,,6K2X,3Q40,https://search.rcsb.org/; https://data.rcsb.org/,"separate deposits establish occupancy, not relative affinity"
pdb_exact_sequence_ca_ree,CA/PR,CA,PR,false,b146b2cda1d68dfd96a2fe230850273780132a51e74f8f3508c34f2eda125f3d,,,6K2X,3Q5G,https://search.rcsb.org/; https://data.rcsb.org/,"separate deposits establish occupancy, not relative affinity"
pdb_exact_sequence_ca_ree,CA/PR,CA,PR,false,b146b2cda1d68dfd96a2fe230850273780132a51e74f8f3508c34f2eda125f3d,,,6K2X,3QMP,https://search.rcsb.org/; https://data.rcsb.org/,"separate deposits establish occupancy, not relative affinity"
pdb_exact_sequence_ca_ree,CA/PR,CA,PR,false,b146b2cda1d68dfd96a2fe230850273780132a51e74f8f3508c34f2eda125f3d,,,6K2X,4B5L,https://search.rcsb.org/; https://data.rcsb.org/,"separate deposits establish occupancy, not relative affinity"
pdb_exact_sequence_ca_ree,CA/PR,CA,PR,false,b146b2cda1d68dfd96a2fe230850273780132a51e74f8f3508c34f2eda125f3d,,,6K2X,4FON,https://search.rcsb.org/; https://data.rcsb.org/,"separate deposits establish occupancy, not relative affinity"
pdb_exact_sequence_ca_ree,CA/PR,CA,PR,false,b146b2cda1d68dfd96a2fe230850273780132a51e74f8f3508c34f2eda125f3d,,,6K2X,4ZAR,https://search.rcsb.org/; https://data.rcsb.org/,"separate deposits establish occupancy, not relative affinity"
pdb_exact_sequence_ca_ree,CA/PR,CA,PR,false,b146b2cda1d68dfd96a2fe230850273780132a51e74f8f3508c34f2eda125f3d,,,6K2X,5AVJ,https://search.rcsb.org/; https://data.rcsb.org/,"separate deposits establish occupancy, not relative affinity"
pdb_exact_sequence_ca_ree,CA/PR,CA,PR,false,b146b2cda1d68dfd96a2fe230850273780132a51e74f8f3508c34f2eda125f3d,,,6K2X,5B1D,https://search.rcsb.org/; https://data.rcsb.org/,"separate deposits establish occupancy, not relative affinity"
pdb_exact_sequence_ca_ree,CA/PR,CA,PR,false,b146b2cda1d68dfd96a2fe230850273780132a51e74f8f3508c34f2eda125f3d,,,6K2X,5B1E,https://search.rcsb.org/; https://data.rcsb.org/,"separate deposits establish occupancy, not relative affinity"
pdb_exact_sequence_ca_ree,CA/PR,CA,PR,false,b146b2cda1d68dfd96a2fe230850273780132a51e74f8f3508c34f2eda125f3d,,,6K2X,5KXU,https://search.rcsb.org/; https://data.rcsb.org/,"separate deposits establish occupancy, not relative affinity"
pdb_exact_sequence_ca_ree,CA/PR,CA,PR,false,b146b2cda1d68dfd96a2fe230850273780132a51e74f8f3508c34f2eda125f3d,,,6K2X,5KXV,https://search.rcsb.org/; https://data.rcsb.org/,"separate deposits establish occupancy, not relative affinity"
pdb_exact_sequence_ca_ree,CA/PR,CA,PR,false,b146b2cda1d68dfd96a2fe230850273780132a51e74f8f3508c34f2eda125f3d,,,6K2X,5MJL,https://search.rcsb.org/; https://data.rcsb.org/,"separate deposits establish occupancy, not relative affinity"
pdb_exact_sequence_ca_ree,CA/PR,CA,PR,false,b146b2cda1d68dfd96a2fe230850273780132a51e74f8f3508c34f2eda125f3d,,,6K2X,5UVL,https://search.rcsb.org/; https://data.rcsb.org/,"separate deposits establish occupancy, not relative affinity"
pdb_exact_sequence_ca_ree,CA/PR,CA,PR,false,b146b2cda1d68dfd96a2fe230850273780132a51e74f8f3508c34f2eda125f3d,,,6K2X,5WHW,https://search.rcsb.org/; https://data.rcsb.org/,"separate deposits establish occupancy, not relative affinity"
pdb_exact_sequence_ca_ree,CA/PR,CA,PR,false,b146b2cda1d68dfd96a2fe230850273780132a51e74f8f3508c34f2eda125f3d,,,6K2X,5WJG,https://search.rcsb.org/; https://data.rcsb.org/,"separate deposits establish occupancy, not relative affinity"
pdb_exact_sequence_ca_ree,CA/PR,CA,PR,false,b146b2cda1d68dfd96a2fe230850273780132a51e74f8f3508c34f2eda125f3d,,,6K2X,5WJH,https://search.rcsb.org/; https://data.rcsb.org/,"separate deposits establish occupancy, not relative affinity"
pdb_exact_sequence_ca_ree,CA/PR,CA,PR,false,b146b2cda1d68dfd96a2fe230850273780132a51e74f8f3508c34f2eda125f3d,,,6K2X,6FJS,https://search.rcsb.org/; https://data.rcsb.org/,"separate deposits establish occupancy, not relative affinity"
pdb_exact_sequence_ca_ree,CA/PR,CA,PR,false,b146b2cda1d68dfd96a2fe230850273780132a51e74f8f3508c34f2eda125f3d,,,6K2X,6J43,https://search.rcsb.org/; https://data.rcsb.org/,"separate deposits establish occupancy, not relative affinity"
pdb_exact_sequence_ca_ree,CA/PR,CA,PR,false,b146b2cda1d68dfd96a2fe230850273780132a51e74f8f3508c34f2eda125f3d,,,6K2X,6K2P,https://search.rcsb.org/; https://data.rcsb.org/,"separate deposits establish occupancy, not relative affinity"
pdb_exact_sequence_ca_ree,CA/PR,CA,PR,false,b146b2cda1d68dfd96a2fe230850273780132a51e74f8f3508c34f2eda125f3d,,,6K2X,6K2R,https://search.rcsb.org/; https://data.rcsb.org/,"separate deposits establish occupancy, not relative affinity"
pdb_exact_sequence_ca_ree,CA/PR,CA,PR,false,b146b2cda1d68dfd96a2fe230850273780132a51e74f8f3508c34f2eda125f3d,,,6K2X,6K2S,https://search.rcsb.org/; https://data.rcsb.org/,"separate deposits establish occupancy, not relative affinity"
pdb_exact_sequence_ca_ree,CA/PR,CA,PR,false,b146b2cda1d68dfd96a2fe230850273780132a51e74f8f3508c34f2eda125f3d,,,6K2X,6K2T,https://search.rcsb.org/; https://data.rcsb.org/,"separate deposits establish occupancy, not relative affinity"
pdb_exact_sequence_ca_ree,CA/PR,CA,PR,false,b146b2cda1d68dfd96a2fe230850273780132a51e74f8f3508c34f2eda125f3d,,,6K2X,6K2V,https://search.rcsb.org/; https://data.rcsb.org/,"separate deposits establish occupancy, not relative affinity"
pdb_exact_sequence_ca_ree,CA/PR,CA,PR,false,b146b2cda1d68dfd96a2fe230850273780132a51e74f8f3508c34f2eda125f3d,,,6K2X,6K2W,https://search.rcsb.org/; https://data.rcsb.org/,"separate deposits establish occupancy, not relative affinity"
pdb_exact_sequence_ca_ree,CA/PR,CA,PR,false,b146b2cda1d68dfd96a2fe230850273780132a51e74f8f3508c34f2eda125f3d,,,6K2X,6MH6,https://search.rcsb.org/; https://data.rcsb.org/,"separate deposits establish occupancy, not relative affinity"
pdb_exact_sequence_ca_ree,CA/PR,CA,PR,false,b146b2cda1d68dfd96a2fe230850273780132a51e74f8f3508c34f2eda125f3d,,,6K2X,6N4U,https://search.rcsb.org/; https://data.rcsb.org/,"separate deposits establish occupancy, not relative affinity"
pdb_exact_sequence_ca_ree,CA/PR,CA,PR,false,b146b2cda1d68dfd96a2fe230850273780132a51e74f8f3508c34f2eda125f3d,,,6K2X,6QF1,https://search.rcsb.org/; https://data.rcsb.org/,"separate deposits establish occupancy, not relative affinity"
pdb_exact_sequence_ca_ree,CA/PR,CA,PR,false,b146b2cda1d68dfd96a2fe230850273780132a51e74f8f3508c34f2eda125f3d,,,6K2X,6QXV,https://search.rcsb.org/; https://data.rcsb.org/,"separate deposits establish occupancy, not relative affinity"
pdb_exact_sequence_ca_ree,CA/PR,CA,PR,false,b146b2cda1d68dfd96a2fe230850273780132a51e74f8f3508c34f2eda125f3d,,,6K2X,6RZP,https://search.rcsb.org/; https://data.rcsb.org/,"separate deposits establish occupancy, not relative affinity"
pdb_exact_sequence_ca_ree,CA/PR,CA,PR,false,b146b2cda1d68dfd96a2fe230850273780132a51e74f8f3508c34f2eda125f3d,,,6K2X,6TXG,https://search.rcsb.org/; https://data.rcsb.org/,"separate deposits establish occupancy, not relative affinity"
pdb_exact_sequence_ca_ree,CA/PR,CA,PR,false,b146b2cda1d68dfd96a2fe230850273780132a51e74f8f3508c34f2eda125f3d,,,6K2X,6V8R,https://search.rcsb.org/; https://data.rcsb.org/,"separate deposits establish occupancy, not relative affinity"
pdb_exact_sequence_ca_ree,CA/PR,CA,PR,false,b146b2cda1d68dfd96a2fe230850273780132a51e74f8f3508c34f2eda125f3d,,,6K2X,6ZET,https://search.rcsb.org/; https://data.rcsb.org/,"separate deposits establish occupancy, not relative affinity"
pdb_exact_sequence_ca_ree,CA/PR,CA,PR,false,b146b2cda1d68dfd96a2fe230850273780132a51e74f8f3508c34f2eda125f3d,,,6K2X,6ZEU,https://search.rcsb.org/; https://data.rcsb.org/,"separate deposits establish occupancy, not relative affinity"
pdb_exact_sequence_ca_ree,CA/PR,CA,PR,false,b146b2cda1d68dfd96a2fe230850273780132a51e74f8f3508c34f2eda125f3d,,,6K2X,6ZEV,https://search.rcsb.org/; https://data.rcsb.org/,"separate deposits establish occupancy, not relative affinity"
pdb_exact_sequence_ca_ree,CA/PR,CA,PR,false,b146b2cda1d68dfd96a2fe230850273780132a51e74f8f3508c34f2eda125f3d,,,6K2X,7C0P,https://search.rcsb.org/; https://data.rcsb.org/,"separate deposits establish occupancy, not relative affinity"
pdb_exact_sequence_ca_ree,CA/PR,CA,PR,false,b146b2cda1d68dfd96a2fe230850273780132a51e74f8f3508c34f2eda125f3d,,,6K2X,7LN7,https://search.rcsb.org/; https://data.rcsb.org/,"separate deposits establish occupancy, not relative affinity"
pdb_exact_sequence_ca_ree,CA/PR,CA,PR,false,b146b2cda1d68dfd96a2fe230850273780132a51e74f8f3508c34f2eda125f3d,,,6K2X,7LPT,https://search.rcsb.org/; https://data.rcsb.org/,"separate deposits establish occupancy, not relative affinity"
pdb_exact_sequence_ca_ree,CA/PR,CA,PR,false,b146b2cda1d68dfd96a2fe230850273780132a51e74f8f3508c34f2eda125f3d,,,6K2X,7LPU,https://search.rcsb.org/; https://data.rcsb.org/,"separate deposits establish occupancy, not relative affinity"
pdb_exact_sequence_ca_ree,CA/PR,CA,PR,false,b146b2cda1d68dfd96a2fe230850273780132a51e74f8f3508c34f2eda125f3d,,,6K2X,7LPV,https://search.rcsb.org/; https://data.rcsb.org/,"separate deposits establish occupancy, not relative affinity"
pdb_exact_sequence_ca_ree,CA/PR,CA,PR,false,b146b2cda1d68dfd96a2fe230850273780132a51e74f8f3508c34f2eda125f3d,,,6K2X,7LQ8,https://search.rcsb.org/; https://data.rcsb.org/,"separate deposits establish occupancy, not relative affinity"
pdb_exact_sequence_ca_ree,CA/PR,CA,PR,false,b146b2cda1d68dfd96a2fe230850273780132a51e74f8f3508c34f2eda125f3d,,,6K2X,7LQ9,https://search.rcsb.org/; https://data.rcsb.org/,"separate deposits establish occupancy, not relative affinity"
pdb_exact_sequence_ca_ree,CA/PR,CA,PR,false,b146b2cda1d68dfd96a2fe230850273780132a51e74f8f3508c34f2eda125f3d,,,6K2X,7LQA,https://search.rcsb.org/; https://data.rcsb.org/,"separate deposits establish occupancy, not relative affinity"
pdb_exact_sequence_ca_ree,CA/PR,CA,PR,false,b146b2cda1d68dfd96a2fe230850273780132a51e74f8f3508c34f2eda125f3d,,,6K2X,7LQB,https://search.rcsb.org/; https://data.rcsb.org/,"separate deposits establish occupancy, not relative affinity"
pdb_exact_sequence_ca_ree,CA/PR,CA,PR,false,b146b2cda1d68dfd96a2fe230850273780132a51e74f8f3508c34f2eda125f3d,,,6K2X,7LQC,https://search.rcsb.org/; https://data.rcsb.org/,"separate deposits establish occupancy, not relative affinity"
pdb_exact_sequence_ca_ree,CA/PR,CA,PR,false,b146b2cda1d68dfd96a2fe230850273780132a51e74f8f3508c34f2eda125f3d,,,6K2X,7LTD,https://search.rcsb.org/; https://data.rcsb.org/,"separate deposits establish occupancy, not relative affinity"
pdb_exact_sequence_ca_ree,CA/PR,CA,PR,false,b146b2cda1d68dfd96a2fe230850273780132a51e74f8f3508c34f2eda125f3d,,,6K2X,7LTI,https://search.rcsb.org/; https://data.rcsb.org/,"separate deposits establish occupancy, not relative affinity"
pdb_exact_sequence_ca_ree,CA/PR,CA,PR,false,b146b2cda1d68dfd96a2fe230850273780132a51e74f8f3508c34f2eda125f3d,,,6K2X,7LTV,https://search.rcsb.org/; https://data.rcsb.org/,"separate deposits establish occupancy, not relative affinity"
pdb_exact_sequence_ca_ree,CA/PR,CA,PR,false,b146b2cda1d68dfd96a2fe230850273780132a51e74f8f3508c34f2eda125f3d,,,6K2X,7LU0,https://search.rcsb.org/; https://data.rcsb.org/,"separate deposits establish occupancy, not relative affinity"
pdb_exact_sequence_ca_ree,CA/PR,CA,PR,false,b146b2cda1d68dfd96a2fe230850273780132a51e74f8f3508c34f2eda125f3d,,,6K2X,7LU1,https://search.rcsb.org/; https://data.rcsb.org/,"separate deposits establish occupancy, not relative affinity"
pdb_exact_sequence_ca_ree,CA/PR,CA,PR,false,b146b2cda1d68dfd96a2fe230850273780132a51e74f8f3508c34f2eda125f3d,,,6K2X,7LU2,https://search.rcsb.org/; https://data.rcsb.org/,"separate deposits establish occupancy, not relative affinity"
pdb_exact_sequence_ca_ree,CA/PR,CA,PR,false,b146b2cda1d68dfd96a2fe230850273780132a51e74f8f3508c34f2eda125f3d,,,6K2X,7LU3,https://search.rcsb.org/; https://data.rcsb.org/,"separate deposits establish occupancy, not relative affinity"
pdb_exact_sequence_ca_ree,CA/PR,CA,PR,false,b146b2cda1d68dfd96a2fe230850273780132a51e74f8f3508c34f2eda125f3d,,,6K2X,7S4Z,https://search.rcsb.org/; https://data.rcsb.org/,"separate deposits establish occupancy, not relative affinity"
pdb_exact_sequence_ca_ree,CA/PR,CA,PR,false,b146b2cda1d68dfd96a2fe230850273780132a51e74f8f3508c34f2eda125f3d,,,6K2X,8E53,https://search.rcsb.org/; https://data.rcsb.org/,"separate deposits establish occupancy, not relative affinity"
pdb_exact_sequence_ca_ree,CA/PR,CA,PR,false,b146b2cda1d68dfd96a2fe230850273780132a51e74f8f3508c34f2eda125f3d,,,6K2X,8F05,https://search.rcsb.org/; https://data.rcsb.org/,"separate deposits establish occupancy, not relative affinity"
pdb_exact_sequence_ca_ree,CA/PR,CA,PR,false,b146b2cda1d68dfd96a2fe230850273780132a51e74f8f3508c34f2eda125f3d,,,6K2X,8F06,https://search.rcsb.org/; https://data.rcsb.org/,"separate deposits establish occupancy, not relative affinity"
pdb_exact_sequence_ca_ree,CA/PR,CA,PR,false,b146b2cda1d68dfd96a2fe230850273780132a51e74f8f3508c34f2eda125f3d,,,6K2X,8F07,https://search.rcsb.org/; https://data.rcsb.org/,"separate deposits establish occupancy, not relative affinity"
pdb_exact_sequence_ca_ree,CA/PR,CA,PR,false,b146b2cda1d68dfd96a2fe230850273780132a51e74f8f3508c34f2eda125f3d,,,6K2X,8FYO,https://search.rcsb.org/; https://data.rcsb.org/,"separate deposits establish occupancy, not relative affinity"
pdb_exact_sequence_ca_ree,CA/PR,CA,PR,false,b146b2cda1d68dfd96a2fe230850273780132a51e74f8f3508c34f2eda125f3d,,,6K2X,8FYP,https://search.rcsb.org/; https://data.rcsb.org/,"separate deposits establish occupancy, not relative affinity"
pdb_exact_sequence_ca_ree,CA/PR,CA,PR,false,b146b2cda1d68dfd96a2fe230850273780132a51e74f8f3508c34f2eda125f3d,,,6K2X,8FYQ,https://search.rcsb.org/; https://data.rcsb.org/,"separate deposits establish occupancy, not relative affinity"
pdb_exact_sequence_ca_ree,CA/PR,CA,PR,false,b146b2cda1d68dfd96a2fe230850273780132a51e74f8f3508c34f2eda125f3d,,,6K2X,8FYR,https://search.rcsb.org/; https://data.rcsb.org/,"separate deposits establish occupancy, not relative affinity"
pdb_exact_sequence_ca_ree,CA/PR,CA,PR,false,b146b2cda1d68dfd96a2fe230850273780132a51e74f8f3508c34f2eda125f3d,,,6K2X,8FYS,https://search.rcsb.org/; https://data.rcsb.org/,"separate deposits establish occupancy, not relative affinity"
pdb_exact_sequence_ca_ree,CA/PR,CA,PR,false,b146b2cda1d68dfd96a2fe230850273780132a51e74f8f3508c34f2eda125f3d,,,6K2X,8SOG,https://search.rcsb.org/; https://data.rcsb.org/,"separate deposits establish occupancy, not relative affinity"
pdb_exact_sequence_ca_ree,CA/PR,CA,PR,false,b146b2cda1d68dfd96a2fe230850273780132a51e74f8f3508c34f2eda125f3d,,,6K2X,8SOU,https://search.rcsb.org/; https://data.rcsb.org/,"separate deposits establish occupancy, not relative affinity"
pdb_exact_sequence_ca_ree,CA/PR,CA,PR,false,b146b2cda1d68dfd96a2fe230850273780132a51e74f8f3508c34f2eda125f3d,,,6K2X,8SOV,https://search.rcsb.org/; https://data.rcsb.org/,"separate deposits establish occupancy, not relative affinity"
pdb_exact_sequence_ca_ree,CA/PR,CA,PR,false,b146b2cda1d68dfd96a2fe230850273780132a51e74f8f3508c34f2eda125f3d,,,6K2X,8SPL,https://search.rcsb.org/; https://data.rcsb.org/,"separate deposits establish occupancy, not relative affinity"
pdb_exact_sequence_ca_ree,CA/PR,CA,PR,false,b146b2cda1d68dfd96a2fe230850273780132a51e74f8f3508c34f2eda125f3d,,,6K2X,8SQV,https://search.rcsb.org/; https://data.rcsb.org/,"separate deposits establish occupancy, not relative affinity"
pdb_exact_sequence_ca_ree,CA/PR,CA,PR,false,b146b2cda1d68dfd96a2fe230850273780132a51e74f8f3508c34f2eda125f3d,,,6K2X,9DHO,https://search.rcsb.org/; https://data.rcsb.org/,"separate deposits establish occupancy, not relative affinity"
pdb_exact_sequence_ca_ree,CA/PR,CA,PR,false,b146b2cda1d68dfd96a2fe230850273780132a51e74f8f3508c34f2eda125f3d,,,6K2X,9FTX,https://search.rcsb.org/; https://data.rcsb.org/,"separate deposits establish occupancy, not relative affinity"
pdb_exact_sequence_ca_ree,CA/PR,CA,PR,false,b146b2cda1d68dfd96a2fe230850273780132a51e74f8f3508c34f2eda125f3d,,,6K2X,9FTY,https://search.rcsb.org/; https://data.rcsb.org/,"separate deposits establish occupancy, not relative affinity"
pdb_exact_sequence_ca_ree,CA/PR,CA,PR,false,b146b2cda1d68dfd96a2fe230850273780132a51e74f8f3508c34f2eda125f3d,,,6K2X,9FU1,https://search.rcsb.org/; https://data.rcsb.org/,"separate deposits establish occupancy, not relative affinity"
pdb_exact_sequence_ca_ree,CA/PR,CA,PR,false,b146b2cda1d68dfd96a2fe230850273780132a51e74f8f3508c34f2eda125f3d,,,6K2X,9N0F,https://search.rcsb.org/; https://data.rcsb.org/,"separate deposits establish occupancy, not relative affinity"
pdb_exact_sequence_ca_ree,CA/PR,CA,PR,false,b146b2cda1d68dfd96a2fe230850273780132a51e74f8f3508c34f2eda125f3d,,,6K2X,9N0G,https://search.rcsb.org/; https://data.rcsb.org/,"separate deposits establish occupancy, not relative affinity"
pdb_exact_sequence_ca_ree,CA/PR,CA,PR,false,b146b2cda1d68dfd96a2fe230850273780132a51e74f8f3508c34f2eda125f3d,,,6K2X,9N0H,https://search.rcsb.org/; https://data.rcsb.org/,"separate deposits establish occupancy, not relative affinity"
pdb_exact_sequence_ca_ree,CA/PR,CA,PR,false,b146b2cda1d68dfd96a2fe230850273780132a51e74f8f3508c34f2eda125f3d,,,6K2X,9ODV,https://search.rcsb.org/; https://data.rcsb.org/,"separate deposits establish occupancy, not relative affinity"
pdb_exact_sequence_ca_ree,CA/PR,CA,PR,false,b146b2cda1d68dfd96a2fe230850273780132a51e74f8f3508c34f2eda125f3d,,,6K2X,9ODW,https://search.rcsb.org/; https://data.rcsb.org/,"separate deposits establish occupancy, not relative affinity"
pdb_exact_sequence_ca_ree,CA/PR,CA,PR,false,b146b2cda1d68dfd96a2fe230850273780132a51e74f8f3508c34f2eda125f3d,,,6K2X,9OYY,https://search.rcsb.org/; https://data.rcsb.org/,"separate deposits establish occupancy, not relative affinity"
pdb_exact_sequence_ca_ree,CA/SM,CA,SM,false,403bf3f6650f70a712d361a3088d93faa255a4fcdffab0cc2547a0df428f4ad4,,,1YZR,1MNP,https://search.rcsb.org/; https://data.rcsb.org/,"separate deposits establish occupancy, not relative affinity"
pdb_exact_sequence_ca_ree,CA/SM,CA,SM,false,403bf3f6650f70a712d361a3088d93faa255a4fcdffab0cc2547a0df428f4ad4,,,1YZR,1YYD,https://search.rcsb.org/; https://data.rcsb.org/,"separate deposits establish occupancy, not relative affinity"
pdb_exact_sequence_ca_ree,CA/SM,CA,SM,false,403bf3f6650f70a712d361a3088d93faa255a4fcdffab0cc2547a0df428f4ad4,,,1YZR,1YYG,https://search.rcsb.org/; https://data.rcsb.org/,"separate deposits establish occupancy, not relative affinity"
pdb_exact_sequence_ca_ree,CA/SM,CA,SM,false,403bf3f6650f70a712d361a3088d93faa255a4fcdffab0cc2547a0df428f4ad4,,,1YZR,1YZP,https://search.rcsb.org/; https://data.rcsb.org/,"separate deposits establish occupancy, not relative affinity"
pdb_exact_sequence_ca_ree,CA/SM,CA,SM,false,403bf3f6650f70a712d361a3088d93faa255a4fcdffab0cc2547a0df428f4ad4,,,1YZR,3M5Q,https://search.rcsb.org/; https://data.rcsb.org/,"separate deposits establish occupancy, not relative affinity"
pdb_exact_sequence_ca_ree,CA/SM,CA,SM,false,403bf3f6650f70a712d361a3088d93faa255a4fcdffab0cc2547a0df428f4ad4,,,1YZR,3M8M,https://search.rcsb.org/; https://data.rcsb.org/,"separate deposits establish occupancy, not relative affinity"
pdb_exact_sequence_ca_ree,CA/TB,CA,TB,false,c83abec0d1d786fb82a5803fd45e646a9ef7420984e1e99bb08deeec1e665fbd,,,1NCZ,1TOP,https://search.rcsb.org/; https://data.rcsb.org/,"separate deposits establish occupancy, not relative affinity"
pdb_exact_sequence_ca_ree,CA/TB,CA,TB,false,c83abec0d1d786fb82a5803fd45e646a9ef7420984e1e99bb08deeec1e665fbd,,,1NCZ,1YTZ,https://search.rcsb.org/; https://data.rcsb.org/,"separate deposits establish occupancy, not relative affinity"
pdb_exact_sequence_ca_ree,CA/TB,CA,TB,false,ac8ee47688789c7b362081d8566649d1bdd0f2f5d165c3cb7cb91081fd034dc7,,,2V15,1UMN,https://search.rcsb.org/; https://data.rcsb.org/,"separate deposits establish occupancy, not relative affinity"
pdb_exact_sequence_ca_ree,CA/TB,CA,TB,false,ac8ee47688789c7b362081d8566649d1bdd0f2f5d165c3cb7cb91081fd034dc7,,,2V15,2XJM,https://search.rcsb.org/; https://data.rcsb.org/,"separate deposits establish occupancy, not relative affinity"
pdb_exact_sequence_ca_ree,CA/TB,CA,TB,false,ac8ee47688789c7b362081d8566649d1bdd0f2f5d165c3cb7cb91081fd034dc7,,,2V15,2XJN,https://search.rcsb.org/; https://data.rcsb.org/,"separate deposits establish occupancy, not relative affinity"
pdb_exact_sequence_ca_ree,CA/TB,CA,TB,false,ac8ee47688789c7b362081d8566649d1bdd0f2f5d165c3cb7cb91081fd034dc7,,,2V15,2XJO,https://search.rcsb.org/; https://data.rcsb.org/,"separate deposits establish occupancy, not relative affinity"
pdb_exact_sequence_ca_ree,CA/TB,CA,TB,false,ac8ee47688789c7b362081d8566649d1bdd0f2f5d165c3cb7cb91081fd034dc7,,,2V15,2XKQ,https://search.rcsb.org/; https://data.rcsb.org/,"separate deposits establish occupancy, not relative affinity"
pdb_exact_sequence_ca_ree,CA/TB,CA,TB,false,eaf1f8d7f5bf78bbefe1100d912a09893361c57dda057f634adb5c5af6dfe79c,,,6F2K,8BQR,https://search.rcsb.org/; https://data.rcsb.org/,"separate deposits establish occupancy, not relative affinity"
pdb_exact_sequence_ca_ree,CA/TB,CA,TB,false,eaf1f8d7f5bf78bbefe1100d912a09893361c57dda057f634adb5c5af6dfe79c,,,6FRO,8BQR,https://search.rcsb.org/; https://data.rcsb.org/,"separate deposits establish occupancy, not relative affinity"
pdb_exact_sequence_ca_ree,CA/TB,CA,TB,false,eaf1f8d7f5bf78bbefe1100d912a09893361c57dda057f634adb5c5af6dfe79c,,,6FRQ,8BQR,https://search.rcsb.org/; https://data.rcsb.org/,"separate deposits establish occupancy, not relative affinity"
pdb_exact_sequence_ca_ree,CA/TB,CA,TB,false,eaf1f8d7f5bf78bbefe1100d912a09893361c57dda057f634adb5c5af6dfe79c,,,8OWC,8BQR,https://search.rcsb.org/; https://data.rcsb.org/,"separate deposits establish occupancy, not relative affinity"
pdb_exact_sequence_ca_ree,CA/TB,CA,TB,false,eaf1f8d7f5bf78bbefe1100d912a09893361c57dda057f634adb5c5af6dfe79c,,,8PIW,8BQR,https://search.rcsb.org/; https://data.rcsb.org/,"separate deposits establish occupancy, not relative affinity"
pdb_exact_sequence_ca_ree,CA/TB,CA,TB,false,eaf1f8d7f5bf78bbefe1100d912a09893361c57dda057f634adb5c5af6dfe79c,,,8POB,8BQR,https://search.rcsb.org/; https://data.rcsb.org/,"separate deposits establish occupancy, not relative affinity"
pdb_exact_sequence_ca_ree,CA/YB,CA,YB,false,95fcbb65eccbfa3d5cd5b279a97aaa97d23a8e5d0548995dd292aa90ae975079,,,1YTT,2MSB,https://search.rcsb.org/; https://data.rcsb.org/,"separate deposits establish occupancy, not relative affinity"
pdb_exact_sequence_ca_ree,CA/YB,CA,YB,false,eaf1f8d7f5bf78bbefe1100d912a09893361c57dda057f634adb5c5af6dfe79c,,,4NGV,8BQR,https://search.rcsb.org/; https://data.rcsb.org/,"separate deposits establish occupancy, not relative affinity"
pdb_exact_sequence_ca_ree,CA/YB,CA,YB,false,eaf1f8d7f5bf78bbefe1100d912a09893361c57dda057f634adb5c5af6dfe79c,,,4NGW,8BQR,https://search.rcsb.org/; https://data.rcsb.org/,"separate deposits establish occupancy, not relative affinity"
pdb_exact_sequence_ca_ree,CA/YB,CA,YB,false,eaf1f8d7f5bf78bbefe1100d912a09893361c57dda057f634adb5c5af6dfe79c,,,4NGY,8BQR,https://search.rcsb.org/; https://data.rcsb.org/,"separate deposits establish occupancy, not relative affinity"
pdb_exact_sequence_ca_ree,CA/YB,CA,YB,false,eaf1f8d7f5bf78bbefe1100d912a09893361c57dda057f634adb5c5af6dfe79c,,,4NGZ,8BQR,https://search.rcsb.org/; https://data.rcsb.org/,"separate deposits establish occupancy, not relative affinity"
measured_Kdapp_2SD_nonoverlap,Ce/Dy,Ce,Dy,true,CaMLBT_pH6,CaMLBT_pH6:Dy,lower Kd element after colon in each supporting_studies token,,,https://doi.org/10.1002/ejic.202500468,shared ion measurements and related proteins make pair contrasts correlated
measured_Kdapp_2SD_nonoverlap,Ce/Eu,Ce,Eu,true,CaMLBT_pH6,CaMLBT_pH6:Eu,lower Kd element after colon in each supporting_studies token,,,https://doi.org/10.1002/ejic.202500468,shared ion measurements and related proteins make pair contrasts correlated
measured_Kdapp_2SD_nonoverlap,Ce/Lu,Ce,Lu,true,CaMLBT_pH6,CaMLBT_pH6:Lu,lower Kd element after colon in each supporting_studies token,,,https://doi.org/10.1002/ejic.202500468,shared ion measurements and related proteins make pair contrasts correlated
measured_Kdapp_2SD_nonoverlap,Ce/Sm,Ce,Sm,true,CaMLBT_pH6,CaMLBT_pH6:Sm,lower Kd element after colon in each supporting_studies token,,,https://doi.org/10.1002/ejic.202500468,shared ion measurements and related proteins make pair contrasts correlated
measured_Kdapp_2SD_nonoverlap,Ce/Tb,Ce,Tb,true,CaMLBT_pH6,CaMLBT_pH6:Tb,lower Kd element after colon in each supporting_studies token,,,https://doi.org/10.1002/ejic.202500468,shared ion measurements and related proteins make pair contrasts correlated
measured_Kdapp_2SD_nonoverlap,Ce/Tm,Ce,Tm,true,CaMLBT_pH6,CaMLBT_pH6:Tm,lower Kd element after colon in each supporting_studies token,,,https://doi.org/10.1002/ejic.202500468,shared ion measurements and related proteins make pair contrasts correlated
measured_Kdapp_2SD_nonoverlap,Ce/Yb,Ce,Yb,true,CaMLBT_pH6,CaMLBT_pH6:Yb,lower Kd element after colon in each supporting_studies token,,,https://doi.org/10.1002/ejic.202500468,shared ion measurements and related proteins make pair contrasts correlated
measured_Kdapp_2SD_nonoverlap,Dy/Gd,Dy,Gd,true,Al_LanM_pH5;Hans_LanM_pH5;Al_LanM_pH7,Al_LanM_pH5:Gd;Hans_LanM_pH5:Gd;Al_LanM_pH7:Gd,lower Kd element after colon in each supporting_studies token,,,https://doi.org/10.1021/jacs.6c08525.s001,shared ion measurements and related proteins make pair contrasts correlated
measured_Kdapp_2SD_nonoverlap,Dy/Ho,Dy,Ho,true,Al_LanM_pH5;Al_LanM_pH7,Al_LanM_pH5:Dy;Al_LanM_pH7:Dy,lower Kd element after colon in each supporting_studies token,,,https://doi.org/10.1021/jacs.6c08525.s001,shared ion measurements and related proteins make pair contrasts correlated
measured_Kdapp_2SD_nonoverlap,Dy/La,Dy,La,true,Hans_R100K_pH5;o127_pH5;o412_pH5;Al_LanM_pH5;Hans_LanM_pH5;Al_LanM_pH7,Hans_R100K_pH5:La;o127_pH5:La;o412_pH5:La;Al_LanM_pH5:La;Hans_LanM_pH5:La;Al_LanM_pH7:La,lower Kd element after colon in each supporting_studies token,,,https://doi.org/10.1021/jacs.6c08525.s001;https://pmc.ncbi.nlm.nih.gov/articles/PMC13128445/,shared ion measurements and related proteins make pair contrasts correlated
measured_Kdapp_2SD_nonoverlap,Dy/Lu,Dy,Lu,true,CaMLBT_pH6,CaMLBT_pH6:Lu,lower Kd element after colon in each supporting_studies token,,,https://doi.org/10.1002/ejic.202500468,shared ion measurements and related proteins make pair contrasts correlated
measured_Kdapp_2SD_nonoverlap,Dy/Nd,Dy,Nd,true,CaMLBT_pH6;Hans_R100K_pH5;o36_pH5;o127_pH5;Hans_LanM_pH5;Al_LanM_pH7,CaMLBT_pH6:Dy;Hans_R100K_pH5:Nd;o36_pH5:Nd;o127_pH5:Nd;Hans_LanM_pH5:Nd;Al_LanM_pH7:Nd,lower Kd element after colon in each supporting_studies token,,,https://doi.org/10.1002/ejic.202500468;https://doi.org/10.1021/jacs.6c08525.s001;https://pmc.ncbi.nlm.nih.gov/articles/PMC13128445/,shared ion measurements and related proteins make pair contrasts correlated
measured_Kdapp_2SD_nonoverlap,Dy/Pr,Dy,Pr,true,o412_pH5;Al_LanM_pH5;Al_LanM_pH7,o412_pH5:Pr;Al_LanM_pH5:Pr;Al_LanM_pH7:Pr,lower Kd element after colon in each supporting_studies token,,,https://doi.org/10.1021/jacs.6c08525.s001;https://pmc.ncbi.nlm.nih.gov/articles/PMC13128445/,shared ion measurements and related proteins make pair contrasts correlated
measured_Kdapp_2SD_nonoverlap,Dy/Sm,Dy,Sm,true,CaMLBT_pH6;o36_pH5;o127_pH5;Al_LanM_pH5;Hans_LanM_pH5;Al_LanM_pH7,CaMLBT_pH6:Dy;o36_pH5:Sm;o127_pH5:Sm;Al_LanM_pH5:Sm;Hans_LanM_pH5:Sm;Al_LanM_pH7:Sm,lower Kd element after colon in each supporting_studies token,,,https://doi.org/10.1002/ejic.202500468;https://doi.org/10.1021/jacs.6c08525.s001;https://pmc.ncbi.nlm.nih.gov/articles/PMC13128445/,shared ion measurements and related proteins make pair contrasts correlated
measured_Kdapp_2SD_nonoverlap,Dy/Tb,Dy,Tb,true,o412_pH5;Al_LanM_pH5;Hans_LanM_pH5;Al_LanM_pH7,o412_pH5:Tb;Al_LanM_pH5:Tb;Hans_LanM_pH5:Tb;Al_LanM_pH7:Tb,lower Kd element after colon in each supporting_studies token,,,https://doi.org/10.1021/jacs.6c08525.s001;https://pmc.ncbi.nlm.nih.gov/articles/PMC13128445/,shared ion measurements and related proteins make pair contrasts correlated
measured_Kdapp_2SD_nonoverlap,Eu/Lu,Eu,Lu,true,CaMLBT_pH6,CaMLBT_pH6:Lu,lower Kd element after colon in each supporting_studies token,,,https://doi.org/10.1002/ejic.202500468,shared ion measurements and related proteins make pair contrasts correlated
measured_Kdapp_2SD_nonoverlap,Gd/Ho,Gd,Ho,true,Mex_LanM_pH7p2;Al_LanM_pH5;Hans_LanM_pH5;Al_LanM_pH7,Mex_LanM_pH7p2:Gd;Al_LanM_pH5:Gd;Hans_LanM_pH5:Gd;Al_LanM_pH7:Gd,lower Kd element after colon in each supporting_studies token,,,https://doi.org/10.1021/jacs.6c08525.s001;https://pmc.ncbi.nlm.nih.gov/articles/PMC13128445/,shared ion measurements and related proteins make pair contrasts correlated
measured_Kdapp_2SD_nonoverlap,Gd/La,Gd,La,true,Al_LanM_pH5;Hans_LanM_pH5;Al_LanM_pH7,Al_LanM_pH5:La;Hans_LanM_pH5:La;Al_LanM_pH7:La,lower Kd element after colon in each supporting_studies token,,,https://doi.org/10.1021/jacs.6c08525.s001,shared ion measurements and related proteins make pair contrasts correlated
measured_Kdapp_2SD_nonoverlap,Gd/Lu,Gd,Lu,true,CaMLBT_pH6,CaMLBT_pH6:Lu,lower Kd element after colon in each supporting_studies token,,,https://doi.org/10.1002/ejic.202500468,shared ion measurements and related proteins make pair contrasts correlated
measured_Kdapp_2SD_nonoverlap,Gd/Nd,Gd,Nd,true,Mex_LanM_pH7p2;Hans_LanM_pH5;Al_LanM_pH7,Mex_LanM_pH7p2:Nd;Hans_LanM_pH5:Nd;Al_LanM_pH7:Nd,lower Kd element after colon in each supporting_studies token,,,https://doi.org/10.1021/jacs.6c08525.s001;https://pmc.ncbi.nlm.nih.gov/articles/PMC13128445/,shared ion measurements and related proteins make pair contrasts correlated
measured_Kdapp_2SD_nonoverlap,Gd/Pr,Gd,Pr,true,Al_LanM_pH5;Al_LanM_pH7,Al_LanM_pH5:Pr;Al_LanM_pH7:Pr,lower Kd element after colon in each supporting_studies token,,,https://doi.org/10.1021/jacs.6c08525.s001,shared ion measurements and related proteins make pair contrasts correlated
measured_Kdapp_2SD_nonoverlap,Gd/Sm,Gd,Sm,true,Al_LanM_pH5;Hans_LanM_pH5;Al_LanM_pH7,Al_LanM_pH5:Sm;Hans_LanM_pH5:Sm;Al_LanM_pH7:Sm,lower Kd element after colon in each supporting_studies token,,,https://doi.org/10.1021/jacs.6c08525.s001,shared ion measurements and related proteins make pair contrasts correlated
measured_Kdapp_2SD_nonoverlap,Gd/Tb,Gd,Tb,true,Mex_LanM_pH7p2;Al_LanM_pH5;Hans_LanM_pH5,Mex_LanM_pH7p2:Gd;Al_LanM_pH5:Gd;Hans_LanM_pH5:Gd,lower Kd element after colon in each supporting_studies token,,,https://doi.org/10.1021/jacs.6c08525.s001;https://pmc.ncbi.nlm.nih.gov/articles/PMC13128445/,shared ion measurements and related proteins make pair contrasts correlated
measured_Kdapp_2SD_nonoverlap,Ho/La,Ho,La,true,Al_LanM_pH5;Hans_LanM_pH5;Al_LanM_pH7,Al_LanM_pH5:La;Hans_LanM_pH5:La;Al_LanM_pH7:La,lower Kd element after colon in each supporting_studies token,,,https://doi.org/10.1021/jacs.6c08525.s001,shared ion measurements and related proteins make pair contrasts correlated
measured_Kdapp_2SD_nonoverlap,Ho/Nd,Ho,Nd,true,Mex_LanM_pH7p2;Hans_LanM_pH5;Al_LanM_pH7,Mex_LanM_pH7p2:Nd;Hans_LanM_pH5:Nd;Al_LanM_pH7:Nd,lower Kd element after colon in each supporting_studies token,,,https://doi.org/10.1021/jacs.6c08525.s001;https://pmc.ncbi.nlm.nih.gov/articles/PMC13128445/,shared ion measurements and related proteins make pair contrasts correlated
measured_Kdapp_2SD_nonoverlap,Ho/Pr,Ho,Pr,true,Al_LanM_pH5;Al_LanM_pH7,Al_LanM_pH5:Pr;Al_LanM_pH7:Pr,lower Kd element after colon in each supporting_studies token,,,https://doi.org/10.1021/jacs.6c08525.s001,shared ion measurements and related proteins make pair contrasts correlated
measured_Kdapp_2SD_nonoverlap,Ho/Sm,Ho,Sm,true,Mex_LanM_pH7p2;Al_LanM_pH5;Hans_LanM_pH5;Al_LanM_pH7,Mex_LanM_pH7p2:Sm;Al_LanM_pH5:Sm;Hans_LanM_pH5:Sm;Al_LanM_pH7:Sm,lower Kd element after colon in each supporting_studies token,,,https://doi.org/10.1021/jacs.6c08525.s001;https://pmc.ncbi.nlm.nih.gov/articles/PMC13128445/,shared ion measurements and related proteins make pair contrasts correlated
measured_Kdapp_2SD_nonoverlap,Ho/Tb,Ho,Tb,true,Mex_LanM_pH7p2;Al_LanM_pH5;Hans_LanM_pH5;Al_LanM_pH7,Mex_LanM_pH7p2:Tb;Al_LanM_pH5:Tb;Hans_LanM_pH5:Tb;Al_LanM_pH7:Tb,lower Kd element after colon in each supporting_studies token,,,https://doi.org/10.1021/jacs.6c08525.s001;https://pmc.ncbi.nlm.nih.gov/articles/PMC13128445/,shared ion measurements and related proteins make pair contrasts correlated
measured_Kdapp_2SD_nonoverlap,La/Nd,La,Nd,true,o36_pH5;o127_pH5,o36_pH5:Nd;o127_pH5:Nd,lower Kd element after colon in each supporting_studies token,,,https://pmc.ncbi.nlm.nih.gov/articles/PMC13128445/,shared ion measurements and related proteins make pair contrasts correlated
measured_Kdapp_2SD_nonoverlap,La/Pr,La,Pr,true,o412_pH5,o412_pH5:Pr,lower Kd element after colon in each supporting_studies token,,,https://pmc.ncbi.nlm.nih.gov/articles/PMC13128445/,shared ion measurements and related proteins make pair contrasts correlated
measured_Kdapp_2SD_nonoverlap,La/Sm,La,Sm,true,o36_pH5;o127_pH5;Al_LanM_pH5;Hans_LanM_pH5;Al_LanM_pH7,o36_pH5:Sm;o127_pH5:Sm;Al_LanM_pH5:La;Hans_LanM_pH5:La;Al_LanM_pH7:La,lower Kd element after colon in each supporting_studies token,,,https://doi.org/10.1021/jacs.6c08525.s001;https://pmc.ncbi.nlm.nih.gov/articles/PMC13128445/,shared ion measurements and related proteins make pair contrasts correlated
measured_Kdapp_2SD_nonoverlap,La/Tb,La,Tb,true,o412_pH5;Al_LanM_pH5;Hans_LanM_pH5;Al_LanM_pH7,o412_pH5:La;Al_LanM_pH5:La;Hans_LanM_pH5:La;Al_LanM_pH7:La,lower Kd element after colon in each supporting_studies token,,,https://doi.org/10.1021/jacs.6c08525.s001;https://pmc.ncbi.nlm.nih.gov/articles/PMC13128445/,shared ion measurements and related proteins make pair contrasts correlated
measured_Kdapp_2SD_nonoverlap,Lu/Nd,Lu,Nd,true,CaMLBT_pH6,CaMLBT_pH6:Lu,lower Kd element after colon in each supporting_studies token,,,https://doi.org/10.1002/ejic.202500468,shared ion measurements and related proteins make pair contrasts correlated
measured_Kdapp_2SD_nonoverlap,Lu/Pr,Lu,Pr,true,CaMLBT_pH6,CaMLBT_pH6:Lu,lower Kd element after colon in each supporting_studies token,,,https://doi.org/10.1002/ejic.202500468,shared ion measurements and related proteins make pair contrasts correlated
measured_Kdapp_2SD_nonoverlap,Lu/Sm,Lu,Sm,true,CaMLBT_pH6,CaMLBT_pH6:Lu,lower Kd element after colon in each supporting_studies token,,,https://doi.org/10.1002/ejic.202500468,shared ion measurements and related proteins make pair contrasts correlated
measured_Kdapp_2SD_nonoverlap,Lu/Yb,Lu,Yb,true,CaMLBT_pH6,CaMLBT_pH6:Lu,lower Kd element after colon in each supporting_studies token,,,https://doi.org/10.1002/ejic.202500468,shared ion measurements and related proteins make pair contrasts correlated
measured_Kdapp_2SD_nonoverlap,Nd/Sm,Nd,Sm,true,Hans_LanM_pH5;Al_LanM_pH7,Hans_LanM_pH5:Nd;Al_LanM_pH7:Nd,lower Kd element after colon in each supporting_studies token,,,https://doi.org/10.1021/jacs.6c08525.s001,shared ion measurements and related proteins make pair contrasts correlated
measured_Kdapp_2SD_nonoverlap,Nd/Tb,Nd,Tb,true,CaMLBT_pH6;Mex_LanM_pH7p2;Hans_LanM_pH5;Al_LanM_pH7,CaMLBT_pH6:Tb;Mex_LanM_pH7p2:Nd;Hans_LanM_pH5:Nd;Al_LanM_pH7:Nd,lower Kd element after colon in each supporting_studies token,,,https://doi.org/10.1002/ejic.202500468;https://doi.org/10.1021/jacs.6c08525.s001;https://pmc.ncbi.nlm.nih.gov/articles/PMC13128445/,shared ion measurements and related proteins make pair contrasts correlated
measured_Kdapp_2SD_nonoverlap,Nd/Tm,Nd,Tm,true,CaMLBT_pH6,CaMLBT_pH6:Tm,lower Kd element after colon in each supporting_studies token,,,https://doi.org/10.1002/ejic.202500468,shared ion measurements and related proteins make pair contrasts correlated
measured_Kdapp_2SD_nonoverlap,Nd/Yb,Nd,Yb,true,CaMLBT_pH6,CaMLBT_pH6:Yb,lower Kd element after colon in each supporting_studies token,,,https://doi.org/10.1002/ejic.202500468,shared ion measurements and related proteins make pair contrasts correlated
measured_Kdapp_2SD_nonoverlap,Pr/Sm,Pr,Sm,true,Al_LanM_pH5;Al_LanM_pH7,Al_LanM_pH5:Pr;Al_LanM_pH7:Pr,lower Kd element after colon in each supporting_studies token,,,https://doi.org/10.1021/jacs.6c08525.s001,shared ion measurements and related proteins make pair contrasts correlated
measured_Kdapp_2SD_nonoverlap,Pr/Tb,Pr,Tb,true,CaMLBT_pH6;o412_pH5;Al_LanM_pH5;Al_LanM_pH7,CaMLBT_pH6:Tb;o412_pH5:Pr;Al_LanM_pH5:Pr;Al_LanM_pH7:Pr,lower Kd element after colon in each supporting_studies token,,,https://doi.org/10.1002/ejic.202500468;https://doi.org/10.1021/jacs.6c08525.s001;https://pmc.ncbi.nlm.nih.gov/articles/PMC13128445/,shared ion measurements and related proteins make pair contrasts correlated
measured_Kdapp_2SD_nonoverlap,Sm/Tb,Sm,Tb,true,CaMLBT_pH6;Mex_LanM_pH7p2;Al_LanM_pH5;Hans_LanM_pH5;Al_LanM_pH7,CaMLBT_pH6:Tb;Mex_LanM_pH7p2:Sm;Al_LanM_pH5:Sm;Hans_LanM_pH5:Sm;Al_LanM_pH7:Sm,lower Kd element after colon in each supporting_studies token,,,https://doi.org/10.1002/ejic.202500468;https://doi.org/10.1021/jacs.6c08525.s001;https://pmc.ncbi.nlm.nih.gov/articles/PMC13128445/,shared ion measurements and related proteins make pair contrasts correlated
