evidence_type,protein_sequence_sha256,ree_pdb,ca_pdb,ca_polymer_entity,element_a,element_b,same_exact_polymer_sequence,selectivity_ground_truth,limitation,source
pdb_exact_sequence_ca_ree,3f12fdf191e3fa2159eefaf33d95a8fcbec20086cfc0b6ae08f8646032b1db99,1PLU,1O88,1O88_1,CA,LU,True,False,"separate deposits establish occupancy, not relative affinity",https://search.rcsb.org/; https://data.rcsb.org/
pdb_exact_sequence_ca_ree,3f12fdf191e3fa2159eefaf33d95a8fcbec20086cfc0b6ae08f8646032b1db99,1PLU,1O8D,1O8D_1,CA,LU,True,False,"separate deposits establish occupancy, not relative affinity",https://search.rcsb.org/; https://data.rcsb.org/
pdb_exact_sequence_ca_ree,3f12fdf191e3fa2159eefaf33d95a8fcbec20086cfc0b6ae08f8646032b1db99,1PLU,1O8E,1O8E_1,CA,LU,True,False,"separate deposits establish occupancy, not relative affinity",https://search.rcsb.org/; https://data.rcsb.org/
pdb_exact_sequence_ca_ree,3f12fdf191e3fa2159eefaf33d95a8fcbec20086cfc0b6ae08f8646032b1db99,1PLU,1O8F,1O8F_1,CA,LU,True,False,"separate deposits establish occupancy, not relative affinity",https://search.rcsb.org/; https://data.rcsb.org/
pdb_exact_sequence_ca_ree,3f12fdf191e3fa2159eefaf33d95a8fcbec20086cfc0b6ae08f8646032b1db99,1PLU,1O8G,1O8G_1,CA,LU,True,False,"separate deposits establish occupancy, not relative affinity",https://search.rcsb.org/; https://data.rcsb.org/
pdb_exact_sequence_ca_ree,3f12fdf191e3fa2159eefaf33d95a8fcbec20086cfc0b6ae08f8646032b1db99,1PLU,1O8H,1O8H_1,CA,LU,True,False,"separate deposits establish occupancy, not relative affinity",https://search.rcsb.org/; https://data.rcsb.org/
pdb_exact_sequence_ca_ree,3f12fdf191e3fa2159eefaf33d95a8fcbec20086cfc0b6ae08f8646032b1db99,1PLU,1O8J,1O8J_1,CA,LU,True,False,"separate deposits establish occupancy, not relative affinity",https://search.rcsb.org/; https://data.rcsb.org/
pdb_exact_sequence_ca_ree,3f12fdf191e3fa2159eefaf33d95a8fcbec20086cfc0b6ae08f8646032b1db99,1PLU,1O8K,1O8K_1,CA,LU,True,False,"separate deposits establish occupancy, not relative affinity",https://search.rcsb.org/; https://data.rcsb.org/
pdb_exact_sequence_ca_ree,3f12fdf191e3fa2159eefaf33d95a8fcbec20086cfc0b6ae08f8646032b1db99,1PLU,1O8L,1O8L_1,CA,LU,True,False,"separate deposits establish occupancy, not relative affinity",https://search.rcsb.org/; https://data.rcsb.org/
pdb_exact_sequence_ca_ree,9e38b2bead42d13b207994ea210a9516955fe761dfabc70e5aa2fdd78d36b090,5F8A,1AZ0,1AZ0_2,CA,LU,True,False,"separate deposits establish occupancy, not relative affinity",https://search.rcsb.org/; https://data.rcsb.org/
pdb_exact_sequence_ca_ree,9e38b2bead42d13b207994ea210a9516955fe761dfabc70e5aa2fdd78d36b090,5F8A,1B94,1B94_2,CA,LU,True,False,"separate deposits establish occupancy, not relative affinity",https://search.rcsb.org/; https://data.rcsb.org/
pdb_exact_sequence_ca_ree,9e38b2bead42d13b207994ea210a9516955fe761dfabc70e5aa2fdd78d36b090,5F8A,1BSU,1BSU_3,CA,LU,True,False,"separate deposits establish occupancy, not relative affinity",https://search.rcsb.org/; https://data.rcsb.org/
pdb_exact_sequence_ca_ree,9e38b2bead42d13b207994ea210a9516955fe761dfabc70e5aa2fdd78d36b090,5HLK,1AZ0,1AZ0_2,CA,LU,True,False,"separate deposits establish occupancy, not relative affinity",https://search.rcsb.org/; https://data.rcsb.org/
pdb_exact_sequence_ca_ree,9e38b2bead42d13b207994ea210a9516955fe761dfabc70e5aa2fdd78d36b090,5HLK,1B94,1B94_2,CA,LU,True,False,"separate deposits establish occupancy, not relative affinity",https://search.rcsb.org/; https://data.rcsb.org/
pdb_exact_sequence_ca_ree,9e38b2bead42d13b207994ea210a9516955fe761dfabc70e5aa2fdd78d36b090,5HLK,1BSU,1BSU_3,CA,LU,True,False,"separate deposits establish occupancy, not relative affinity",https://search.rcsb.org/; https://data.rcsb.org/
pdb_exact_sequence_ca_ree,b146b2cda1d68dfd96a2fe230850273780132a51e74f8f3508c34f2eda125f3d,5AVK,1IC6,1IC6_1,CA,PR,True,False,"separate deposits establish occupancy, not relative affinity",https://search.rcsb.org/; https://data.rcsb.org/
pdb_exact_sequence_ca_ree,b146b2cda1d68dfd96a2fe230850273780132a51e74f8f3508c34f2eda125f3d,5AVK,1P7V,1P7V_1,CA,PR,True,False,"separate deposits establish occupancy, not relative affinity",https://search.rcsb.org/; https://data.rcsb.org/
pdb_exact_sequence_ca_ree,b146b2cda1d68dfd96a2fe230850273780132a51e74f8f3508c34f2eda125f3d,5AVK,1P7W,1P7W_1,CA,PR,True,False,"separate deposits establish occupancy, not relative affinity",https://search.rcsb.org/; https://data.rcsb.org/
pdb_exact_sequence_ca_ree,b146b2cda1d68dfd96a2fe230850273780132a51e74f8f3508c34f2eda125f3d,5AVK,28EP,28EP_1,CA,PR,True,False,"separate deposits establish occupancy, not relative affinity",https://search.rcsb.org/; https://data.rcsb.org/
pdb_exact_sequence_ca_ree,b146b2cda1d68dfd96a2fe230850273780132a51e74f8f3508c34f2eda125f3d,5AVK,2DQK,2DQK_1,CA,PR,True,False,"separate deposits establish occupancy, not relative affinity",https://search.rcsb.org/; https://data.rcsb.org/
pdb_exact_sequence_ca_ree,b146b2cda1d68dfd96a2fe230850273780132a51e74f8f3508c34f2eda125f3d,5AVK,2DUJ,2DUJ_1,CA,PR,True,False,"separate deposits establish occupancy, not relative affinity",https://search.rcsb.org/; https://data.rcsb.org/
pdb_exact_sequence_ca_ree,b146b2cda1d68dfd96a2fe230850273780132a51e74f8f3508c34f2eda125f3d,5AVK,2G4V,2G4V_1,CA,PR,True,False,"separate deposits establish occupancy, not relative affinity",https://search.rcsb.org/; https://data.rcsb.org/
pdb_exact_sequence_ca_ree,b146b2cda1d68dfd96a2fe230850273780132a51e74f8f3508c34f2eda125f3d,5AVK,2HD4,2HD4_1,CA,PR,True,False,"separate deposits establish occupancy, not relative affinity",https://search.rcsb.org/; https://data.rcsb.org/
pdb_exact_sequence_ca_ree,b146b2cda1d68dfd96a2fe230850273780132a51e74f8f3508c34f2eda125f3d,5AVK,2HPZ,2HPZ_1,CA,PR,True,False,"separate deposits establish occupancy, not relative affinity",https://search.rcsb.org/; https://data.rcsb.org/
pdb_exact_sequence_ca_ree,b146b2cda1d68dfd96a2fe230850273780132a51e74f8f3508c34f2eda125f3d,5AVK,2ID8,2ID8_1,CA,PR,True,False,"separate deposits establish occupancy, not relative affinity",https://search.rcsb.org/; https://data.rcsb.org/
pdb_exact_sequence_ca_ree,b146b2cda1d68dfd96a2fe230850273780132a51e74f8f3508c34f2eda125f3d,5AVK,2PQ2,2PQ2_1,CA,PR,True,False,"separate deposits establish occupancy, not relative affinity",https://search.rcsb.org/; https://data.rcsb.org/
pdb_exact_sequence_ca_ree,b146b2cda1d68dfd96a2fe230850273780132a51e74f8f3508c34f2eda125f3d,5AVK,2PWA,2PWA_1,CA,PR,True,False,"separate deposits establish occupancy, not relative affinity",https://search.rcsb.org/; https://data.rcsb.org/
pdb_exact_sequence_ca_ree,b146b2cda1d68dfd96a2fe230850273780132a51e74f8f3508c34f2eda125f3d,5AVK,2PWB,2PWB_1,CA,PR,True,False,"separate deposits establish occupancy, not relative affinity",https://search.rcsb.org/; https://data.rcsb.org/
pdb_exact_sequence_ca_ree,b146b2cda1d68dfd96a2fe230850273780132a51e74f8f3508c34f2eda125f3d,5AVK,2PYZ,2PYZ_1,CA,PR,True,False,"separate deposits establish occupancy, not relative affinity",https://search.rcsb.org/; https://data.rcsb.org/
pdb_exact_sequence_ca_ree,b146b2cda1d68dfd96a2fe230850273780132a51e74f8f3508c34f2eda125f3d,5AVK,2V8B,2V8B_1,CA,PR,True,False,"separate deposits establish occupancy, not relative affinity",https://search.rcsb.org/; https://data.rcsb.org/
pdb_exact_sequence_ca_ree,b146b2cda1d68dfd96a2fe230850273780132a51e74f8f3508c34f2eda125f3d,5AVK,3AJ8,3AJ8_1,CA,PR,True,False,"separate deposits establish occupancy, not relative affinity",https://search.rcsb.org/; https://data.rcsb.org/
pdb_exact_sequence_ca_ree,b146b2cda1d68dfd96a2fe230850273780132a51e74f8f3508c34f2eda125f3d,5AVK,3AJ9,3AJ9_1,CA,PR,True,False,"separate deposits establish occupancy, not relative affinity",https://search.rcsb.org/; https://data.rcsb.org/
pdb_exact_sequence_ca_ree,b146b2cda1d68dfd96a2fe230850273780132a51e74f8f3508c34f2eda125f3d,5AVK,3DYB,3DYB_1,CA,PR,True,False,"separate deposits establish occupancy, not relative affinity",https://search.rcsb.org/; https://data.rcsb.org/
pdb_exact_sequence_ca_ree,b146b2cda1d68dfd96a2fe230850273780132a51e74f8f3508c34f2eda125f3d,5AVK,3L1K,3L1K_1,CA,PR,True,False,"separate deposits establish occupancy, not relative affinity",https://search.rcsb.org/; https://data.rcsb.org/
pdb_exact_sequence_ca_ree,b146b2cda1d68dfd96a2fe230850273780132a51e74f8f3508c34f2eda125f3d,5AVK,3OSZ,3OSZ_1,CA,PR,True,False,"separate deposits establish occupancy, not relative affinity",https://search.rcsb.org/; https://data.rcsb.org/
pdb_exact_sequence_ca_ree,b146b2cda1d68dfd96a2fe230850273780132a51e74f8f3508c34f2eda125f3d,5AVK,3Q40,3Q40_1,CA,PR,True,False,"separate deposits establish occupancy, not relative affinity",https://search.rcsb.org/; https://data.rcsb.org/
pdb_exact_sequence_ca_ree,b146b2cda1d68dfd96a2fe230850273780132a51e74f8f3508c34f2eda125f3d,5AVK,3Q5G,3Q5G_1,CA,PR,True,False,"separate deposits establish occupancy, not relative affinity",https://search.rcsb.org/; https://data.rcsb.org/
pdb_exact_sequence_ca_ree,b146b2cda1d68dfd96a2fe230850273780132a51e74f8f3508c34f2eda125f3d,5AVK,3QMP,3QMP_1,CA,PR,True,False,"separate deposits establish occupancy, not relative affinity",https://search.rcsb.org/; https://data.rcsb.org/
pdb_exact_sequence_ca_ree,b146b2cda1d68dfd96a2fe230850273780132a51e74f8f3508c34f2eda125f3d,5AVK,4B5L,4B5L_1,CA,PR,True,False,"separate deposits establish occupancy, not relative affinity",https://search.rcsb.org/; https://data.rcsb.org/
pdb_exact_sequence_ca_ree,b146b2cda1d68dfd96a2fe230850273780132a51e74f8f3508c34f2eda125f3d,5AVK,4FON,4FON_1,CA,PR,True,False,"separate deposits establish occupancy, not relative affinity",https://search.rcsb.org/; https://data.rcsb.org/
pdb_exact_sequence_ca_ree,b146b2cda1d68dfd96a2fe230850273780132a51e74f8f3508c34f2eda125f3d,5AVK,4ZAR,4ZAR_1,CA,PR,True,False,"separate deposits establish occupancy, not relative affinity",https://search.rcsb.org/; https://data.rcsb.org/
pdb_exact_sequence_ca_ree,b146b2cda1d68dfd96a2fe230850273780132a51e74f8f3508c34f2eda125f3d,5AVK,5AVJ,5AVJ_1,CA,PR,True,False,"separate deposits establish occupancy, not relative affinity",https://search.rcsb.org/; https://data.rcsb.org/
pdb_exact_sequence_ca_ree,b146b2cda1d68dfd96a2fe230850273780132a51e74f8f3508c34f2eda125f3d,5AVK,5B1D,5B1D_1,CA,PR,True,False,"separate deposits establish occupancy, not relative affinity",https://search.rcsb.org/; https://data.rcsb.org/
pdb_exact_sequence_ca_ree,b146b2cda1d68dfd96a2fe230850273780132a51e74f8f3508c34f2eda125f3d,5AVK,5B1E,5B1E_1,CA,PR,True,False,"separate deposits establish occupancy, not relative affinity",https://search.rcsb.org/; https://data.rcsb.org/
pdb_exact_sequence_ca_ree,b146b2cda1d68dfd96a2fe230850273780132a51e74f8f3508c34f2eda125f3d,5AVK,5KXU,5KXU_1,CA,PR,True,False,"separate deposits establish occupancy, not relative affinity",https://search.rcsb.org/; https://data.rcsb.org/
pdb_exact_sequence_ca_ree,b146b2cda1d68dfd96a2fe230850273780132a51e74f8f3508c34f2eda125f3d,5AVK,5KXV,5KXV_1,CA,PR,True,False,"separate deposits establish occupancy, not relative affinity",https://search.rcsb.org/; https://data.rcsb.org/
pdb_exact_sequence_ca_ree,b146b2cda1d68dfd96a2fe230850273780132a51e74f8f3508c34f2eda125f3d,5AVK,5MJL,5MJL_1,CA,PR,True,False,"separate deposits establish occupancy, not relative affinity",https://search.rcsb.org/; https://data.rcsb.org/
pdb_exact_sequence_ca_ree,b146b2cda1d68dfd96a2fe230850273780132a51e74f8f3508c34f2eda125f3d,5AVK,5UVL,5UVL_1,CA,PR,True,False,"separate deposits establish occupancy, not relative affinity",https://search.rcsb.org/; https://data.rcsb.org/
pdb_exact_sequence_ca_ree,b146b2cda1d68dfd96a2fe230850273780132a51e74f8f3508c34f2eda125f3d,5AVK,5WHW,5WHW_1,CA,PR,True,False,"separate deposits establish occupancy, not relative affinity",https://search.rcsb.org/; https://data.rcsb.org/
pdb_exact_sequence_ca_ree,b146b2cda1d68dfd96a2fe230850273780132a51e74f8f3508c34f2eda125f3d,5AVK,5WJG,5WJG_1,CA,PR,True,False,"separate deposits establish occupancy, not relative affinity",https://search.rcsb.org/; https://data.rcsb.org/
pdb_exact_sequence_ca_ree,b146b2cda1d68dfd96a2fe230850273780132a51e74f8f3508c34f2eda125f3d,5AVK,5WJH,5WJH_1,CA,PR,True,False,"separate deposits establish occupancy, not relative affinity",https://search.rcsb.org/; https://data.rcsb.org/
pdb_exact_sequence_ca_ree,b146b2cda1d68dfd96a2fe230850273780132a51e74f8f3508c34f2eda125f3d,5AVK,6FJS,6FJS_1,CA,PR,True,False,"separate deposits establish occupancy, not relative affinity",https://search.rcsb.org/; https://data.rcsb.org/
pdb_exact_sequence_ca_ree,b146b2cda1d68dfd96a2fe230850273780132a51e74f8f3508c34f2eda125f3d,5AVK,6J43,6J43_1,CA,PR,True,False,"separate deposits establish occupancy, not relative affinity",https://search.rcsb.org/; https://data.rcsb.org/
pdb_exact_sequence_ca_ree,b146b2cda1d68dfd96a2fe230850273780132a51e74f8f3508c34f2eda125f3d,5AVK,6K2P,6K2P_1,CA,PR,True,False,"separate deposits establish occupancy, not relative affinity",https://search.rcsb.org/; https://data.rcsb.org/
pdb_exact_sequence_ca_ree,b146b2cda1d68dfd96a2fe230850273780132a51e74f8f3508c34f2eda125f3d,5AVK,6K2R,6K2R_1,CA,PR,True,False,"separate deposits establish occupancy, not relative affinity",https://search.rcsb.org/; https://data.rcsb.org/
pdb_exact_sequence_ca_ree,b146b2cda1d68dfd96a2fe230850273780132a51e74f8f3508c34f2eda125f3d,5AVK,6K2S,6K2S_1,CA,PR,True,False,"separate deposits establish occupancy, not relative affinity",https://search.rcsb.org/; https://data.rcsb.org/
pdb_exact_sequence_ca_ree,b146b2cda1d68dfd96a2fe230850273780132a51e74f8f3508c34f2eda125f3d,5AVK,6K2T,6K2T_1,CA,PR,True,False,"separate deposits establish occupancy, not relative affinity",https://search.rcsb.org/; https://data.rcsb.org/
pdb_exact_sequence_ca_ree,b146b2cda1d68dfd96a2fe230850273780132a51e74f8f3508c34f2eda125f3d,5AVK,6K2V,6K2V_1,CA,PR,True,False,"separate deposits establish occupancy, not relative affinity",https://search.rcsb.org/; https://data.rcsb.org/
pdb_exact_sequence_ca_ree,b146b2cda1d68dfd96a2fe230850273780132a51e74f8f3508c34f2eda125f3d,5AVK,6K2W,6K2W_1,CA,PR,True,False,"separate deposits establish occupancy, not relative affinity",https://search.rcsb.org/; https://data.rcsb.org/
pdb_exact_sequence_ca_ree,b146b2cda1d68dfd96a2fe230850273780132a51e74f8f3508c34f2eda125f3d,5AVK,6MH6,6MH6_1,CA,PR,True,False,"separate deposits establish occupancy, not relative affinity",https://search.rcsb.org/; https://data.rcsb.org/
pdb_exact_sequence_ca_ree,b146b2cda1d68dfd96a2fe230850273780132a51e74f8f3508c34f2eda125f3d,5AVK,6N4U,6N4U_1,CA,PR,True,False,"separate deposits establish occupancy, not relative affinity",https://search.rcsb.org/; https://data.rcsb.org/
pdb_exact_sequence_ca_ree,b146b2cda1d68dfd96a2fe230850273780132a51e74f8f3508c34f2eda125f3d,5AVK,6QF1,6QF1_1,CA,PR,True,False,"separate deposits establish occupancy, not relative affinity",https://search.rcsb.org/; https://data.rcsb.org/
pdb_exact_sequence_ca_ree,b146b2cda1d68dfd96a2fe230850273780132a51e74f8f3508c34f2eda125f3d,5AVK,6QXV,6QXV_1,CA,PR,True,False,"separate deposits establish occupancy, not relative affinity",https://search.rcsb.org/; https://data.rcsb.org/
pdb_exact_sequence_ca_ree,b146b2cda1d68dfd96a2fe230850273780132a51e74f8f3508c34f2eda125f3d,5AVK,6RZP,6RZP_1,CA,PR,True,False,"separate deposits establish occupancy, not relative affinity",https://search.rcsb.org/; https://data.rcsb.org/
pdb_exact_sequence_ca_ree,b146b2cda1d68dfd96a2fe230850273780132a51e74f8f3508c34f2eda125f3d,5AVK,6TXG,6TXG_1,CA,PR,True,False,"separate deposits establish occupancy, not relative affinity",https://search.rcsb.org/; https://data.rcsb.org/
pdb_exact_sequence_ca_ree,b146b2cda1d68dfd96a2fe230850273780132a51e74f8f3508c34f2eda125f3d,5AVK,6V8R,6V8R_1,CA,PR,True,False,"separate deposits establish occupancy, not relative affinity",https://search.rcsb.org/; https://data.rcsb.org/
pdb_exact_sequence_ca_ree,b146b2cda1d68dfd96a2fe230850273780132a51e74f8f3508c34f2eda125f3d,5AVK,6ZET,6ZET_1,CA,PR,True,False,"separate deposits establish occupancy, not relative affinity",https://search.rcsb.org/; https://data.rcsb.org/
pdb_exact_sequence_ca_ree,b146b2cda1d68dfd96a2fe230850273780132a51e74f8f3508c34f2eda125f3d,5AVK,6ZEU,6ZEU_1,CA,PR,True,False,"separate deposits establish occupancy, not relative affinity",https://search.rcsb.org/; https://data.rcsb.org/
pdb_exact_sequence_ca_ree,b146b2cda1d68dfd96a2fe230850273780132a51e74f8f3508c34f2eda125f3d,5AVK,6ZEV,6ZEV_1,CA,PR,True,False,"separate deposits establish occupancy, not relative affinity",https://search.rcsb.org/; https://data.rcsb.org/
pdb_exact_sequence_ca_ree,b146b2cda1d68dfd96a2fe230850273780132a51e74f8f3508c34f2eda125f3d,5AVK,7C0P,7C0P_1,CA,PR,True,False,"separate deposits establish occupancy, not relative affinity",https://search.rcsb.org/; https://data.rcsb.org/
pdb_exact_sequence_ca_ree,b146b2cda1d68dfd96a2fe230850273780132a51e74f8f3508c34f2eda125f3d,5AVK,7LN7,7LN7_1,CA,PR,True,False,"separate deposits establish occupancy, not relative affinity",https://search.rcsb.org/; https://data.rcsb.org/
pdb_exact_sequence_ca_ree,b146b2cda1d68dfd96a2fe230850273780132a51e74f8f3508c34f2eda125f3d,5AVK,7LPT,7LPT_1,CA,PR,True,False,"separate deposits establish occupancy, not relative affinity",https://search.rcsb.org/; https://data.rcsb.org/
pdb_exact_sequence_ca_ree,b146b2cda1d68dfd96a2fe230850273780132a51e74f8f3508c34f2eda125f3d,5AVK,7LPU,7LPU_1,CA,PR,True,False,"separate deposits establish occupancy, not relative affinity",https://search.rcsb.org/; https://data.rcsb.org/
pdb_exact_sequence_ca_ree,b146b2cda1d68dfd96a2fe230850273780132a51e74f8f3508c34f2eda125f3d,5AVK,7LPV,7LPV_1,CA,PR,True,False,"separate deposits establish occupancy, not relative affinity",https://search.rcsb.org/; https://data.rcsb.org/
pdb_exact_sequence_ca_ree,b146b2cda1d68dfd96a2fe230850273780132a51e74f8f3508c34f2eda125f3d,5AVK,7LQ8,7LQ8_1,CA,PR,True,False,"separate deposits establish occupancy, not relative affinity",https://search.rcsb.org/; https://data.rcsb.org/
pdb_exact_sequence_ca_ree,b146b2cda1d68dfd96a2fe230850273780132a51e74f8f3508c34f2eda125f3d,5AVK,7LQ9,7LQ9_1,CA,PR,True,False,"separate deposits establish occupancy, not relative affinity",https://search.rcsb.org/; https://data.rcsb.org/
pdb_exact_sequence_ca_ree,b146b2cda1d68dfd96a2fe230850273780132a51e74f8f3508c34f2eda125f3d,5AVK,7LQA,7LQA_1,CA,PR,True,False,"separate deposits establish occupancy, not relative affinity",https://search.rcsb.org/; https://data.rcsb.org/
pdb_exact_sequence_ca_ree,b146b2cda1d68dfd96a2fe230850273780132a51e74f8f3508c34f2eda125f3d,5AVK,7LQB,7LQB_1,CA,PR,True,False,"separate deposits establish occupancy, not relative affinity",https://search.rcsb.org/; https://data.rcsb.org/
pdb_exact_sequence_ca_ree,b146b2cda1d68dfd96a2fe230850273780132a51e74f8f3508c34f2eda125f3d,5AVK,7LQC,7LQC_1,CA,PR,True,False,"separate deposits establish occupancy, not relative affinity",https://search.rcsb.org/; https://data.rcsb.org/
pdb_exact_sequence_ca_ree,b146b2cda1d68dfd96a2fe230850273780132a51e74f8f3508c34f2eda125f3d,5AVK,7LTD,7LTD_1,CA,PR,True,False,"separate deposits establish occupancy, not relative affinity",https://search.rcsb.org/; https://data.rcsb.org/
pdb_exact_sequence_ca_ree,b146b2cda1d68dfd96a2fe230850273780132a51e74f8f3508c34f2eda125f3d,5AVK,7LTI,7LTI_1,CA,PR,True,False,"separate deposits establish occupancy, not relative affinity",https://search.rcsb.org/; https://data.rcsb.org/
pdb_exact_sequence_ca_ree,b146b2cda1d68dfd96a2fe230850273780132a51e74f8f3508c34f2eda125f3d,5AVK,7LTV,7LTV_1,CA,PR,True,False,"separate deposits establish occupancy, not relative affinity",https://search.rcsb.org/; https://data.rcsb.org/
pdb_exact_sequence_ca_ree,b146b2cda1d68dfd96a2fe230850273780132a51e74f8f3508c34f2eda125f3d,5AVK,7LU0,7LU0_1,CA,PR,True,False,"separate deposits establish occupancy, not relative affinity",https://search.rcsb.org/; https://data.rcsb.org/
pdb_exact_sequence_ca_ree,b146b2cda1d68dfd96a2fe230850273780132a51e74f8f3508c34f2eda125f3d,5AVK,7LU1,7LU1_1,CA,PR,True,False,"separate deposits establish occupancy, not relative affinity",https://search.rcsb.org/; https://data.rcsb.org/
pdb_exact_sequence_ca_ree,b146b2cda1d68dfd96a2fe230850273780132a51e74f8f3508c34f2eda125f3d,5AVK,7LU2,7LU2_1,CA,PR,True,False,"separate deposits establish occupancy, not relative affinity",https://search.rcsb.org/; https://data.rcsb.org/
pdb_exact_sequence_ca_ree,b146b2cda1d68dfd96a2fe230850273780132a51e74f8f3508c34f2eda125f3d,5AVK,7LU3,7LU3_1,CA,PR,True,False,"separate deposits establish occupancy, not relative affinity",https://search.rcsb.org/; https://data.rcsb.org/
pdb_exact_sequence_ca_ree,b146b2cda1d68dfd96a2fe230850273780132a51e74f8f3508c34f2eda125f3d,5AVK,7S4Z,7S4Z_1,CA,PR,True,False,"separate deposits establish occupancy, not relative affinity",https://search.rcsb.org/; https://data.rcsb.org/
pdb_exact_sequence_ca_ree,b146b2cda1d68dfd96a2fe230850273780132a51e74f8f3508c34f2eda125f3d,5AVK,8E53,8E53_1,CA,PR,True,False,"separate deposits establish occupancy, not relative affinity",https://search.rcsb.org/; https://data.rcsb.org/
pdb_exact_sequence_ca_ree,b146b2cda1d68dfd96a2fe230850273780132a51e74f8f3508c34f2eda125f3d,5AVK,8F05,8F05_1,CA,PR,True,False,"separate deposits establish occupancy, not relative affinity",https://search.rcsb.org/; https://data.rcsb.org/
pdb_exact_sequence_ca_ree,b146b2cda1d68dfd96a2fe230850273780132a51e74f8f3508c34f2eda125f3d,5AVK,8F06,8F06_1,CA,PR,True,False,"separate deposits establish occupancy, not relative affinity",https://search.rcsb.org/; https://data.rcsb.org/
pdb_exact_sequence_ca_ree,b146b2cda1d68dfd96a2fe230850273780132a51e74f8f3508c34f2eda125f3d,5AVK,8F07,8F07_1,CA,PR,True,False,"separate deposits establish occupancy, not relative affinity",https://search.rcsb.org/; https://data.rcsb.org/
pdb_exact_sequence_ca_ree,b146b2cda1d68dfd96a2fe230850273780132a51e74f8f3508c34f2eda125f3d,5AVK,8FYO,8FYO_1,CA,PR,True,False,"separate deposits establish occupancy, not relative affinity",https://search.rcsb.org/; https://data.rcsb.org/
pdb_exact_sequence_ca_ree,b146b2cda1d68dfd96a2fe230850273780132a51e74f8f3508c34f2eda125f3d,5AVK,8FYP,8FYP_1,CA,PR,True,False,"separate deposits establish occupancy, not relative affinity",https://search.rcsb.org/; https://data.rcsb.org/
pdb_exact_sequence_ca_ree,b146b2cda1d68dfd96a2fe230850273780132a51e74f8f3508c34f2eda125f3d,5AVK,8FYQ,8FYQ_1,CA,PR,True,False,"separate deposits establish occupancy, not relative affinity",https://search.rcsb.org/; https://data.rcsb.org/
pdb_exact_sequence_ca_ree,b146b2cda1d68dfd96a2fe230850273780132a51e74f8f3508c34f2eda125f3d,5AVK,8FYR,8FYR_1,CA,PR,True,False,"separate deposits establish occupancy, not relative affinity",https://search.rcsb.org/; https://data.rcsb.org/
pdb_exact_sequence_ca_ree,b146b2cda1d68dfd96a2fe230850273780132a51e74f8f3508c34f2eda125f3d,5AVK,8FYS,8FYS_1,CA,PR,True,False,"separate deposits establish occupancy, not relative affinity",https://search.rcsb.org/; https://data.rcsb.org/
pdb_exact_sequence_ca_ree,b146b2cda1d68dfd96a2fe230850273780132a51e74f8f3508c34f2eda125f3d,5AVK,8SOG,8SOG_1,CA,PR,True,False,"separate deposits establish occupancy, not relative affinity",https://search.rcsb.org/; https://data.rcsb.org/
pdb_exact_sequence_ca_ree,b146b2cda1d68dfd96a2fe230850273780132a51e74f8f3508c34f2eda125f3d,5AVK,8SOU,8SOU_1,CA,PR,True,False,"separate deposits establish occupancy, not relative affinity",https://search.rcsb.org/; https://data.rcsb.org/
pdb_exact_sequence_ca_ree,b146b2cda1d68dfd96a2fe230850273780132a51e74f8f3508c34f2eda125f3d,5AVK,8SOV,8SOV_1,CA,PR,True,False,"separate deposits establish occupancy, not relative affinity",https://search.rcsb.org/; https://data.rcsb.org/
pdb_exact_sequence_ca_ree,b146b2cda1d68dfd96a2fe230850273780132a51e74f8f3508c34f2eda125f3d,5AVK,8SPL,8SPL_1,CA,PR,True,False,"separate deposits establish occupancy, not relative affinity",https://search.rcsb.org/; https://data.rcsb.org/
pdb_exact_sequence_ca_ree,b146b2cda1d68dfd96a2fe230850273780132a51e74f8f3508c34f2eda125f3d,5AVK,8SQV,8SQV_1,CA,PR,True,False,"separate deposits establish occupancy, not relative affinity",https://search.rcsb.org/; https://data.rcsb.org/
pdb_exact_sequence_ca_ree,b146b2cda1d68dfd96a2fe230850273780132a51e74f8f3508c34f2eda125f3d,5AVK,9DHO,9DHO_1,CA,PR,True,False,"separate deposits establish occupancy, not relative affinity",https://search.rcsb.org/; https://data.rcsb.org/
pdb_exact_sequence_ca_ree,b146b2cda1d68dfd96a2fe230850273780132a51e74f8f3508c34f2eda125f3d,5AVK,9FTX,9FTX_1,CA,PR,True,False,"separate deposits establish occupancy, not relative affinity",https://search.rcsb.org/; https://data.rcsb.org/
pdb_exact_sequence_ca_ree,b146b2cda1d68dfd96a2fe230850273780132a51e74f8f3508c34f2eda125f3d,5AVK,9FTY,9FTY_1,CA,PR,True,False,"separate deposits establish occupancy, not relative affinity",https://search.rcsb.org/; https://data.rcsb.org/
pdb_exact_sequence_ca_ree,b146b2cda1d68dfd96a2fe230850273780132a51e74f8f3508c34f2eda125f3d,5AVK,9FU1,9FU1_1,CA,PR,True,False,"separate deposits establish occupancy, not relative affinity",https://search.rcsb.org/; https://data.rcsb.org/
pdb_exact_sequence_ca_ree,b146b2cda1d68dfd96a2fe230850273780132a51e74f8f3508c34f2eda125f3d,5AVK,9N0F,9N0F_1,CA,PR,True,False,"separate deposits establish occupancy, not relative affinity",https://search.rcsb.org/; https://data.rcsb.org/
pdb_exact_sequence_ca_ree,b146b2cda1d68dfd96a2fe230850273780132a51e74f8f3508c34f2eda125f3d,5AVK,9N0G,9N0G_1,CA,PR,True,False,"separate deposits establish occupancy, not relative affinity",https://search.rcsb.org/; https://data.rcsb.org/
pdb_exact_sequence_ca_ree,b146b2cda1d68dfd96a2fe230850273780132a51e74f8f3508c34f2eda125f3d,5AVK,9N0H,9N0H_1,CA,PR,True,False,"separate deposits establish occupancy, not relative affinity",https://search.rcsb.org/; https://data.rcsb.org/
pdb_exact_sequence_ca_ree,b146b2cda1d68dfd96a2fe230850273780132a51e74f8f3508c34f2eda125f3d,5AVK,9ODV,9ODV_1,CA,PR,True,False,"separate deposits establish occupancy, not relative affinity",https://search.rcsb.org/; https://data.rcsb.org/
pdb_exact_sequence_ca_ree,b146b2cda1d68dfd96a2fe230850273780132a51e74f8f3508c34f2eda125f3d,5AVK,9ODW,9ODW_1,CA,PR,True,False,"separate deposits establish occupancy, not relative affinity",https://search.rcsb.org/; https://data.rcsb.org/
pdb_exact_sequence_ca_ree,b146b2cda1d68dfd96a2fe230850273780132a51e74f8f3508c34f2eda125f3d,5AVK,9OYY,9OYY_1,CA,PR,True,False,"separate deposits establish occupancy, not relative affinity",https://search.rcsb.org/; https://data.rcsb.org/
pdb_exact_sequence_ca_ree,b146b2cda1d68dfd96a2fe230850273780132a51e74f8f3508c34f2eda125f3d,5WRC,1IC6,1IC6_1,CA,PR,True,False,"separate deposits establish occupancy, not relative affinity",https://search.rcsb.org/; https://data.rcsb.org/
pdb_exact_sequence_ca_ree,b146b2cda1d68dfd96a2fe230850273780132a51e74f8f3508c34f2eda125f3d,5WRC,1P7V,1P7V_1,CA,PR,True,False,"separate deposits establish occupancy, not relative affinity",https://search.rcsb.org/; https://data.rcsb.org/
pdb_exact_sequence_ca_ree,b146b2cda1d68dfd96a2fe230850273780132a51e74f8f3508c34f2eda125f3d,5WRC,1P7W,1P7W_1,CA,PR,True,False,"separate deposits establish occupancy, not relative affinity",https://search.rcsb.org/; https://data.rcsb.org/
pdb_exact_sequence_ca_ree,b146b2cda1d68dfd96a2fe230850273780132a51e74f8f3508c34f2eda125f3d,5WRC,28EP,28EP_1,CA,PR,True,False,"separate deposits establish occupancy, not relative affinity",https://search.rcsb.org/; https://data.rcsb.org/
pdb_exact_sequence_ca_ree,b146b2cda1d68dfd96a2fe230850273780132a51e74f8f3508c34f2eda125f3d,5WRC,2DQK,2DQK_1,CA,PR,True,False,"separate deposits establish occupancy, not relative affinity",https://search.rcsb.org/; https://data.rcsb.org/
pdb_exact_sequence_ca_ree,b146b2cda1d68dfd96a2fe230850273780132a51e74f8f3508c34f2eda125f3d,5WRC,2DUJ,2DUJ_1,CA,PR,True,False,"separate deposits establish occupancy, not relative affinity",https://search.rcsb.org/; https://data.rcsb.org/
pdb_exact_sequence_ca_ree,b146b2cda1d68dfd96a2fe230850273780132a51e74f8f3508c34f2eda125f3d,5WRC,2G4V,2G4V_1,CA,PR,True,False,"separate deposits establish occupancy, not relative affinity",https://search.rcsb.org/; https://data.rcsb.org/
pdb_exact_sequence_ca_ree,b146b2cda1d68dfd96a2fe230850273780132a51e74f8f3508c34f2eda125f3d,5WRC,2HD4,2HD4_1,CA,PR,True,False,"separate deposits establish occupancy, not relative affinity",https://search.rcsb.org/; https://data.rcsb.org/
pdb_exact_sequence_ca_ree,b146b2cda1d68dfd96a2fe230850273780132a51e74f8f3508c34f2eda125f3d,5WRC,2HPZ,2HPZ_1,CA,PR,True,False,"separate deposits establish occupancy, not relative affinity",https://search.rcsb.org/; https://data.rcsb.org/
pdb_exact_sequence_ca_ree,b146b2cda1d68dfd96a2fe230850273780132a51e74f8f3508c34f2eda125f3d,5WRC,2ID8,2ID8_1,CA,PR,True,False,"separate deposits establish occupancy, not relative affinity",https://search.rcsb.org/; https://data.rcsb.org/
pdb_exact_sequence_ca_ree,b146b2cda1d68dfd96a2fe230850273780132a51e74f8f3508c34f2eda125f3d,5WRC,2PQ2,2PQ2_1,CA,PR,True,False,"separate deposits establish occupancy, not relative affinity",https://search.rcsb.org/; https://data.rcsb.org/
pdb_exact_sequence_ca_ree,b146b2cda1d68dfd96a2fe230850273780132a51e74f8f3508c34f2eda125f3d,5WRC,2PWA,2PWA_1,CA,PR,True,False,"separate deposits establish occupancy, not relative affinity",https://search.rcsb.org/; https://data.rcsb.org/
pdb_exact_sequence_ca_ree,b146b2cda1d68dfd96a2fe230850273780132a51e74f8f3508c34f2eda125f3d,5WRC,2PWB,2PWB_1,CA,PR,True,False,"separate deposits establish occupancy, not relative affinity",https://search.rcsb.org/; https://data.rcsb.org/
pdb_exact_sequence_ca_ree,b146b2cda1d68dfd96a2fe230850273780132a51e74f8f3508c34f2eda125f3d,5WRC,2PYZ,2PYZ_1,CA,PR,True,False,"separate deposits establish occupancy, not relative affinity",https://search.rcsb.org/; https://data.rcsb.org/
pdb_exact_sequence_ca_ree,b146b2cda1d68dfd96a2fe230850273780132a51e74f8f3508c34f2eda125f3d,5WRC,2V8B,2V8B_1,CA,PR,True,False,"separate deposits establish occupancy, not relative affinity",https://search.rcsb.org/; https://data.rcsb.org/
pdb_exact_sequence_ca_ree,b146b2cda1d68dfd96a2fe230850273780132a51e74f8f3508c34f2eda125f3d,5WRC,3AJ8,3AJ8_1,CA,PR,True,False,"separate deposits establish occupancy, not relative affinity",https://search.rcsb.org/; https://data.rcsb.org/
pdb_exact_sequence_ca_ree,b146b2cda1d68dfd96a2fe230850273780132a51e74f8f3508c34f2eda125f3d,5WRC,3AJ9,3AJ9_1,CA,PR,True,False,"separate deposits establish occupancy, not relative affinity",https://search.rcsb.org/; https://data.rcsb.org/
pdb_exact_sequence_ca_ree,b146b2cda1d68dfd96a2fe230850273780132a51e74f8f3508c34f2eda125f3d,5WRC,3DYB,3DYB_1,CA,PR,True,False,"separate deposits establish occupancy, not relative affinity",https://search.rcsb.org/; https://data.rcsb.org/
pdb_exact_sequence_ca_ree,b146b2cda1d68dfd96a2fe230850273780132a51e74f8f3508c34f2eda125f3d,5WRC,3L1K,3L1K_1,CA,PR,True,False,"separate deposits establish occupancy, not relative affinity",https://search.rcsb.org/; https://data.rcsb.org/
pdb_exact_sequence_ca_ree,b146b2cda1d68dfd96a2fe230850273780132a51e74f8f3508c34f2eda125f3d,5WRC,3OSZ,3OSZ_1,CA,PR,True,False,"separate deposits establish occupancy, not relative affinity",https://search.rcsb.org/; https://data.rcsb.org/
pdb_exact_sequence_ca_ree,b146b2cda1d68dfd96a2fe230850273780132a51e74f8f3508c34f2eda125f3d,5WRC,3Q40,3Q40_1,CA,PR,True,False,"separate deposits establish occupancy, not relative affinity",https://search.rcsb.org/; https://data.rcsb.org/
pdb_exact_sequence_ca_ree,b146b2cda1d68dfd96a2fe230850273780132a51e74f8f3508c34f2eda125f3d,5WRC,3Q5G,3Q5G_1,CA,PR,True,False,"separate deposits establish occupancy, not relative affinity",https://search.rcsb.org/; https://data.rcsb.org/
pdb_exact_sequence_ca_ree,b146b2cda1d68dfd96a2fe230850273780132a51e74f8f3508c34f2eda125f3d,5WRC,3QMP,3QMP_1,CA,PR,True,False,"separate deposits establish occupancy, not relative affinity",https://search.rcsb.org/; https://data.rcsb.org/
pdb_exact_sequence_ca_ree,b146b2cda1d68dfd96a2fe230850273780132a51e74f8f3508c34f2eda125f3d,5WRC,4B5L,4B5L_1,CA,PR,True,False,"separate deposits establish occupancy, not relative affinity",https://search.rcsb.org/; https://data.rcsb.org/
pdb_exact_sequence_ca_ree,b146b2cda1d68dfd96a2fe230850273780132a51e74f8f3508c34f2eda125f3d,5WRC,4FON,4FON_1,CA,PR,True,False,"separate deposits establish occupancy, not relative affinity",https://search.rcsb.org/; https://data.rcsb.org/
pdb_exact_sequence_ca_ree,b146b2cda1d68dfd96a2fe230850273780132a51e74f8f3508c34f2eda125f3d,5WRC,4ZAR,4ZAR_1,CA,PR,True,False,"separate deposits establish occupancy, not relative affinity",https://search.rcsb.org/; https://data.rcsb.org/
pdb_exact_sequence_ca_ree,b146b2cda1d68dfd96a2fe230850273780132a51e74f8f3508c34f2eda125f3d,5WRC,5AVJ,5AVJ_1,CA,PR,True,False,"separate deposits establish occupancy, not relative affinity",https://search.rcsb.org/; https://data.rcsb.org/
pdb_exact_sequence_ca_ree,b146b2cda1d68dfd96a2fe230850273780132a51e74f8f3508c34f2eda125f3d,5WRC,5B1D,5B1D_1,CA,PR,True,False,"separate deposits establish occupancy, not relative affinity",https://search.rcsb.org/; https://data.rcsb.org/
pdb_exact_sequence_ca_ree,b146b2cda1d68dfd96a2fe230850273780132a51e74f8f3508c34f2eda125f3d,5WRC,5B1E,5B1E_1,CA,PR,True,False,"separate deposits establish occupancy, not relative affinity",https://search.rcsb.org/; https://data.rcsb.org/
pdb_exact_sequence_ca_ree,b146b2cda1d68dfd96a2fe230850273780132a51e74f8f3508c34f2eda125f3d,5WRC,5KXU,5KXU_1,CA,PR,True,False,"separate deposits establish occupancy, not relative affinity",https://search.rcsb.org/; https://data.rcsb.org/
pdb_exact_sequence_ca_ree,b146b2cda1d68dfd96a2fe230850273780132a51e74f8f3508c34f2eda125f3d,5WRC,5KXV,5KXV_1,CA,PR,True,False,"separate deposits establish occupancy, not relative affinity",https://search.rcsb.org/; https://data.rcsb.org/
pdb_exact_sequence_ca_ree,b146b2cda1d68dfd96a2fe230850273780132a51e74f8f3508c34f2eda125f3d,5WRC,5MJL,5MJL_1,CA,PR,True,False,"separate deposits establish occupancy, not relative affinity",https://search.rcsb.org/; https://data.rcsb.org/
pdb_exact_sequence_ca_ree,b146b2cda1d68dfd96a2fe230850273780132a51e74f8f3508c34f2eda125f3d,5WRC,5UVL,5UVL_1,CA,PR,True,False,"separate deposits establish occupancy, not relative affinity",https://search.rcsb.org/; https://data.rcsb.org/
pdb_exact_sequence_ca_ree,b146b2cda1d68dfd96a2fe230850273780132a51e74f8f3508c34f2eda125f3d,5WRC,5WHW,5WHW_1,CA,PR,True,False,"separate deposits establish occupancy, not relative affinity",https://search.rcsb.org/; https://data.rcsb.org/
pdb_exact_sequence_ca_ree,b146b2cda1d68dfd96a2fe230850273780132a51e74f8f3508c34f2eda125f3d,5WRC,5WJG,5WJG_1,CA,PR,True,False,"separate deposits establish occupancy, not relative affinity",https://search.rcsb.org/; https://data.rcsb.org/
pdb_exact_sequence_ca_ree,b146b2cda1d68dfd96a2fe230850273780132a51e74f8f3508c34f2eda125f3d,5WRC,5WJH,5WJH_1,CA,PR,True,False,"separate deposits establish occupancy, not relative affinity",https://search.rcsb.org/; https://data.rcsb.org/
pdb_exact_sequence_ca_ree,b146b2cda1d68dfd96a2fe230850273780132a51e74f8f3508c34f2eda125f3d,5WRC,6FJS,6FJS_1,CA,PR,True,False,"separate deposits establish occupancy, not relative affinity",https://search.rcsb.org/; https://data.rcsb.org/
pdb_exact_sequence_ca_ree,b146b2cda1d68dfd96a2fe230850273780132a51e74f8f3508c34f2eda125f3d,5WRC,6J43,6J43_1,CA,PR,True,False,"separate deposits establish occupancy, not relative affinity",https://search.rcsb.org/; https://data.rcsb.org/
pdb_exact_sequence_ca_ree,b146b2cda1d68dfd96a2fe230850273780132a51e74f8f3508c34f2eda125f3d,5WRC,6K2P,6K2P_1,CA,PR,True,False,"separate deposits establish occupancy, not relative affinity",https://search.rcsb.org/; https://data.rcsb.org/
pdb_exact_sequence_ca_ree,b146b2cda1d68dfd96a2fe230850273780132a51e74f8f3508c34f2eda125f3d,5WRC,6K2R,6K2R_1,CA,PR,True,False,"separate deposits establish occupancy, not relative affinity",https://search.rcsb.org/; https://data.rcsb.org/
pdb_exact_sequence_ca_ree,b146b2cda1d68dfd96a2fe230850273780132a51e74f8f3508c34f2eda125f3d,5WRC,6K2S,6K2S_1,CA,PR,True,False,"separate deposits establish occupancy, not relative affinity",https://search.rcsb.org/; https://data.rcsb.org/
pdb_exact_sequence_ca_ree,b146b2cda1d68dfd96a2fe230850273780132a51e74f8f3508c34f2eda125f3d,5WRC,6K2T,6K2T_1,CA,PR,True,False,"separate deposits establish occupancy, not relative affinity",https://search.rcsb.org/; https://data.rcsb.org/
pdb_exact_sequence_ca_ree,b146b2cda1d68dfd96a2fe230850273780132a51e74f8f3508c34f2eda125f3d,5WRC,6K2V,6K2V_1,CA,PR,True,False,"separate deposits establish occupancy, not relative affinity",https://search.rcsb.org/; https://data.rcsb.org/
pdb_exact_sequence_ca_ree,b146b2cda1d68dfd96a2fe230850273780132a51e74f8f3508c34f2eda125f3d,5WRC,6K2W,6K2W_1,CA,PR,True,False,"separate deposits establish occupancy, not relative affinity",https://search.rcsb.org/; https://data.rcsb.org/
pdb_exact_sequence_ca_ree,b146b2cda1d68dfd96a2fe230850273780132a51e74f8f3508c34f2eda125f3d,5WRC,6MH6,6MH6_1,CA,PR,True,False,"separate deposits establish occupancy, not relative affinity",https://search.rcsb.org/; https://data.rcsb.org/
pdb_exact_sequence_ca_ree,b146b2cda1d68dfd96a2fe230850273780132a51e74f8f3508c34f2eda125f3d,5WRC,6N4U,6N4U_1,CA,PR,True,False,"separate deposits establish occupancy, not relative affinity",https://search.rcsb.org/; https://data.rcsb.org/
pdb_exact_sequence_ca_ree,b146b2cda1d68dfd96a2fe230850273780132a51e74f8f3508c34f2eda125f3d,5WRC,6QF1,6QF1_1,CA,PR,True,False,"separate deposits establish occupancy, not relative affinity",https://search.rcsb.org/; https://data.rcsb.org/
pdb_exact_sequence_ca_ree,b146b2cda1d68dfd96a2fe230850273780132a51e74f8f3508c34f2eda125f3d,5WRC,6QXV,6QXV_1,CA,PR,True,False,"separate deposits establish occupancy, not relative affinity",https://search.rcsb.org/; https://data.rcsb.org/
pdb_exact_sequence_ca_ree,b146b2cda1d68dfd96a2fe230850273780132a51e74f8f3508c34f2eda125f3d,5WRC,6RZP,6RZP_1,CA,PR,True,False,"separate deposits establish occupancy, not relative affinity",https://search.rcsb.org/; https://data.rcsb.org/
pdb_exact_sequence_ca_ree,b146b2cda1d68dfd96a2fe230850273780132a51e74f8f3508c34f2eda125f3d,5WRC,6TXG,6TXG_1,CA,PR,True,False,"separate deposits establish occupancy, not relative affinity",https://search.rcsb.org/; https://data.rcsb.org/
pdb_exact_sequence_ca_ree,b146b2cda1d68dfd96a2fe230850273780132a51e74f8f3508c34f2eda125f3d,5WRC,6V8R,6V8R_1,CA,PR,True,False,"separate deposits establish occupancy, not relative affinity",https://search.rcsb.org/; https://data.rcsb.org/
pdb_exact_sequence_ca_ree,b146b2cda1d68dfd96a2fe230850273780132a51e74f8f3508c34f2eda125f3d,5WRC,6ZET,6ZET_1,CA,PR,True,False,"separate deposits establish occupancy, not relative affinity",https://search.rcsb.org/; https://data.rcsb.org/
pdb_exact_sequence_ca_ree,b146b2cda1d68dfd96a2fe230850273780132a51e74f8f3508c34f2eda125f3d,5WRC,6ZEU,6ZEU_1,CA,PR,True,False,"separate deposits establish occupancy, not relative affinity",https://search.rcsb.org/; https://data.rcsb.org/
pdb_exact_sequence_ca_ree,b146b2cda1d68dfd96a2fe230850273780132a51e74f8f3508c34f2eda125f3d,5WRC,6ZEV,6ZEV_1,CA,PR,True,False,"separate deposits establish occupancy, not relative affinity",https://search.rcsb.org/; https://data.rcsb.org/
pdb_exact_sequence_ca_ree,b146b2cda1d68dfd96a2fe230850273780132a51e74f8f3508c34f2eda125f3d,5WRC,7C0P,7C0P_1,CA,PR,True,False,"separate deposits establish occupancy, not relative affinity",https://search.rcsb.org/; https://data.rcsb.org/
pdb_exact_sequence_ca_ree,b146b2cda1d68dfd96a2fe230850273780132a51e74f8f3508c34f2eda125f3d,5WRC,7LN7,7LN7_1,CA,PR,True,False,"separate deposits establish occupancy, not relative affinity",https://search.rcsb.org/; https://data.rcsb.org/
pdb_exact_sequence_ca_ree,b146b2cda1d68dfd96a2fe230850273780132a51e74f8f3508c34f2eda125f3d,5WRC,7LPT,7LPT_1,CA,PR,True,False,"separate deposits establish occupancy, not relative affinity",https://search.rcsb.org/; https://data.rcsb.org/
pdb_exact_sequence_ca_ree,b146b2cda1d68dfd96a2fe230850273780132a51e74f8f3508c34f2eda125f3d,5WRC,7LPU,7LPU_1,CA,PR,True,False,"separate deposits establish occupancy, not relative affinity",https://search.rcsb.org/; https://data.rcsb.org/
pdb_exact_sequence_ca_ree,b146b2cda1d68dfd96a2fe230850273780132a51e74f8f3508c34f2eda125f3d,5WRC,7LPV,7LPV_1,CA,PR,True,False,"separate deposits establish occupancy, not relative affinity",https://search.rcsb.org/; https://data.rcsb.org/
pdb_exact_sequence_ca_ree,b146b2cda1d68dfd96a2fe230850273780132a51e74f8f3508c34f2eda125f3d,5WRC,7LQ8,7LQ8_1,CA,PR,True,False,"separate deposits establish occupancy, not relative affinity",https://search.rcsb.org/; https://data.rcsb.org/
pdb_exact_sequence_ca_ree,b146b2cda1d68dfd96a2fe230850273780132a51e74f8f3508c34f2eda125f3d,5WRC,7LQ9,7LQ9_1,CA,PR,True,False,"separate deposits establish occupancy, not relative affinity",https://search.rcsb.org/; https://data.rcsb.org/
pdb_exact_sequence_ca_ree,b146b2cda1d68dfd96a2fe230850273780132a51e74f8f3508c34f2eda125f3d,5WRC,7LQA,7LQA_1,CA,PR,True,False,"separate deposits establish occupancy, not relative affinity",https://search.rcsb.org/; https://data.rcsb.org/
pdb_exact_sequence_ca_ree,b146b2cda1d68dfd96a2fe230850273780132a51e74f8f3508c34f2eda125f3d,5WRC,7LQB,7LQB_1,CA,PR,True,False,"separate deposits establish occupancy, not relative affinity",https://search.rcsb.org/; https://data.rcsb.org/
pdb_exact_sequence_ca_ree,b146b2cda1d68dfd96a2fe230850273780132a51e74f8f3508c34f2eda125f3d,5WRC,7LQC,7LQC_1,CA,PR,True,False,"separate deposits establish occupancy, not relative affinity",https://search.rcsb.org/; https://data.rcsb.org/
pdb_exact_sequence_ca_ree,b146b2cda1d68dfd96a2fe230850273780132a51e74f8f3508c34f2eda125f3d,5WRC,7LTD,7LTD_1,CA,PR,True,False,"separate deposits establish occupancy, not relative affinity",https://search.rcsb.org/; https://data.rcsb.org/
pdb_exact_sequence_ca_ree,b146b2cda1d68dfd96a2fe230850273780132a51e74f8f3508c34f2eda125f3d,5WRC,7LTI,7LTI_1,CA,PR,True,False,"separate deposits establish occupancy, not relative affinity",https://search.rcsb.org/; https://data.rcsb.org/
pdb_exact_sequence_ca_ree,b146b2cda1d68dfd96a2fe230850273780132a51e74f8f3508c34f2eda125f3d,5WRC,7LTV,7LTV_1,CA,PR,True,False,"separate deposits establish occupancy, not relative affinity",https://search.rcsb.org/; https://data.rcsb.org/
pdb_exact_sequence_ca_ree,b146b2cda1d68dfd96a2fe230850273780132a51e74f8f3508c34f2eda125f3d,5WRC,7LU0,7LU0_1,CA,PR,True,False,"separate deposits establish occupancy, not relative affinity",https://search.rcsb.org/; https://data.rcsb.org/
pdb_exact_sequence_ca_ree,b146b2cda1d68dfd96a2fe230850273780132a51e74f8f3508c34f2eda125f3d,5WRC,7LU1,7LU1_1,CA,PR,True,False,"separate deposits establish occupancy, not relative affinity",https://search.rcsb.org/; https://data.rcsb.org/
pdb_exact_sequence_ca_ree,b146b2cda1d68dfd96a2fe230850273780132a51e74f8f3508c34f2eda125f3d,5WRC,7LU2,7LU2_1,CA,PR,True,False,"separate deposits establish occupancy, not relative affinity",https://search.rcsb.org/; https://data.rcsb.org/
pdb_exact_sequence_ca_ree,b146b2cda1d68dfd96a2fe230850273780132a51e74f8f3508c34f2eda125f3d,5WRC,7LU3,7LU3_1,CA,PR,True,False,"separate deposits establish occupancy, not relative affinity",https://search.rcsb.org/; https://data.rcsb.org/
pdb_exact_sequence_ca_ree,b146b2cda1d68dfd96a2fe230850273780132a51e74f8f3508c34f2eda125f3d,5WRC,7S4Z,7S4Z_1,CA,PR,True,False,"separate deposits establish occupancy, not relative affinity",https://search.rcsb.org/; https://data.rcsb.org/
pdb_exact_sequence_ca_ree,b146b2cda1d68dfd96a2fe230850273780132a51e74f8f3508c34f2eda125f3d,5WRC,8E53,8E53_1,CA,PR,True,False,"separate deposits establish occupancy, not relative affinity",https://search.rcsb.org/; https://data.rcsb.org/
pdb_exact_sequence_ca_ree,b146b2cda1d68dfd96a2fe230850273780132a51e74f8f3508c34f2eda125f3d,5WRC,8F05,8F05_1,CA,PR,True,False,"separate deposits establish occupancy, not relative affinity",https://search.rcsb.org/; https://data.rcsb.org/
pdb_exact_sequence_ca_ree,b146b2cda1d68dfd96a2fe230850273780132a51e74f8f3508c34f2eda125f3d,5WRC,8F06,8F06_1,CA,PR,True,False,"separate deposits establish occupancy, not relative affinity",https://search.rcsb.org/; https://data.rcsb.org/
pdb_exact_sequence_ca_ree,b146b2cda1d68dfd96a2fe230850273780132a51e74f8f3508c34f2eda125f3d,5WRC,8F07,8F07_1,CA,PR,True,False,"separate deposits establish occupancy, not relative affinity",https://search.rcsb.org/; https://data.rcsb.org/
pdb_exact_sequence_ca_ree,b146b2cda1d68dfd96a2fe230850273780132a51e74f8f3508c34f2eda125f3d,5WRC,8FYO,8FYO_1,CA,PR,True,False,"separate deposits establish occupancy, not relative affinity",https://search.rcsb.org/; https://data.rcsb.org/
pdb_exact_sequence_ca_ree,b146b2cda1d68dfd96a2fe230850273780132a51e74f8f3508c34f2eda125f3d,5WRC,8FYP,8FYP_1,CA,PR,True,False,"separate deposits establish occupancy, not relative affinity",https://search.rcsb.org/; https://data.rcsb.org/
pdb_exact_sequence_ca_ree,b146b2cda1d68dfd96a2fe230850273780132a51e74f8f3508c34f2eda125f3d,5WRC,8FYQ,8FYQ_1,CA,PR,True,False,"separate deposits establish occupancy, not relative affinity",https://search.rcsb.org/; https://data.rcsb.org/
pdb_exact_sequence_ca_ree,b146b2cda1d68dfd96a2fe230850273780132a51e74f8f3508c34f2eda125f3d,5WRC,8FYR,8FYR_1,CA,PR,True,False,"separate deposits establish occupancy, not relative affinity",https://search.rcsb.org/; https://data.rcsb.org/
pdb_exact_sequence_ca_ree,b146b2cda1d68dfd96a2fe230850273780132a51e74f8f3508c34f2eda125f3d,5WRC,8FYS,8FYS_1,CA,PR,True,False,"separate deposits establish occupancy, not relative affinity",https://search.rcsb.org/; https://data.rcsb.org/
pdb_exact_sequence_ca_ree,b146b2cda1d68dfd96a2fe230850273780132a51e74f8f3508c34f2eda125f3d,5WRC,8SOG,8SOG_1,CA,PR,True,False,"separate deposits establish occupancy, not relative affinity",https://search.rcsb.org/; https://data.rcsb.org/
pdb_exact_sequence_ca_ree,b146b2cda1d68dfd96a2fe230850273780132a51e74f8f3508c34f2eda125f3d,5WRC,8SOU,8SOU_1,CA,PR,True,False,"separate deposits establish occupancy, not relative affinity",https://search.rcsb.org/; https://data.rcsb.org/
pdb_exact_sequence_ca_ree,b146b2cda1d68dfd96a2fe230850273780132a51e74f8f3508c34f2eda125f3d,5WRC,8SOV,8SOV_1,CA,PR,True,False,"separate deposits establish occupancy, not relative affinity",https://search.rcsb.org/; https://data.rcsb.org/
pdb_exact_sequence_ca_ree,b146b2cda1d68dfd96a2fe230850273780132a51e74f8f3508c34f2eda125f3d,5WRC,8SPL,8SPL_1,CA,PR,True,False,"separate deposits establish occupancy, not relative affinity",https://search.rcsb.org/; https://data.rcsb.org/
pdb_exact_sequence_ca_ree,b146b2cda1d68dfd96a2fe230850273780132a51e74f8f3508c34f2eda125f3d,5WRC,8SQV,8SQV_1,CA,PR,True,False,"separate deposits establish occupancy, not relative affinity",https://search.rcsb.org/; https://data.rcsb.org/
pdb_exact_sequence_ca_ree,b146b2cda1d68dfd96a2fe230850273780132a51e74f8f3508c34f2eda125f3d,5WRC,9DHO,9DHO_1,CA,PR,True,False,"separate deposits establish occupancy, not relative affinity",https://search.rcsb.org/; https://data.rcsb.org/
pdb_exact_sequence_ca_ree,b146b2cda1d68dfd96a2fe230850273780132a51e74f8f3508c34f2eda125f3d,5WRC,9FTX,9FTX_1,CA,PR,True,False,"separate deposits establish occupancy, not relative affinity",https://search.rcsb.org/; https://data.rcsb.org/
pdb_exact_sequence_ca_ree,b146b2cda1d68dfd96a2fe230850273780132a51e74f8f3508c34f2eda125f3d,5WRC,9FTY,9FTY_1,CA,PR,True,False,"separate deposits establish occupancy, not relative affinity",https://search.rcsb.org/; https://data.rcsb.org/
pdb_exact_sequence_ca_ree,b146b2cda1d68dfd96a2fe230850273780132a51e74f8f3508c34f2eda125f3d,5WRC,9FU1,9FU1_1,CA,PR,True,False,"separate deposits establish occupancy, not relative affinity",https://search.rcsb.org/; https://data.rcsb.org/
pdb_exact_sequence_ca_ree,b146b2cda1d68dfd96a2fe230850273780132a51e74f8f3508c34f2eda125f3d,5WRC,9N0F,9N0F_1,CA,PR,True,False,"separate deposits establish occupancy, not relative affinity",https://search.rcsb.org/; https://data.rcsb.org/
pdb_exact_sequence_ca_ree,b146b2cda1d68dfd96a2fe230850273780132a51e74f8f3508c34f2eda125f3d,5WRC,9N0G,9N0G_1,CA,PR,True,False,"separate deposits establish occupancy, not relative affinity",https://search.rcsb.org/; https://data.rcsb.org/
pdb_exact_sequence_ca_ree,b146b2cda1d68dfd96a2fe230850273780132a51e74f8f3508c34f2eda125f3d,5WRC,9N0H,9N0H_1,CA,PR,True,False,"separate deposits establish occupancy, not relative affinity",https://search.rcsb.org/; https://data.rcsb.org/
pdb_exact_sequence_ca_ree,b146b2cda1d68dfd96a2fe230850273780132a51e74f8f3508c34f2eda125f3d,5WRC,9ODV,9ODV_1,CA,PR,True,False,"separate deposits establish occupancy, not relative affinity",https://search.rcsb.org/; https://data.rcsb.org/
pdb_exact_sequence_ca_ree,b146b2cda1d68dfd96a2fe230850273780132a51e74f8f3508c34f2eda125f3d,5WRC,9ODW,9ODW_1,CA,PR,True,False,"separate deposits establish occupancy, not relative affinity",https://search.rcsb.org/; https://data.rcsb.org/
pdb_exact_sequence_ca_ree,b146b2cda1d68dfd96a2fe230850273780132a51e74f8f3508c34f2eda125f3d,5WRC,9OYY,9OYY_1,CA,PR,True,False,"separate deposits establish occupancy, not relative affinity",https://search.rcsb.org/; https://data.rcsb.org/
pdb_exact_sequence_ca_ree,b146b2cda1d68dfd96a2fe230850273780132a51e74f8f3508c34f2eda125f3d,6K2X,1IC6,1IC6_1,CA,PR,True,False,"separate deposits establish occupancy, not relative affinity",https://search.rcsb.org/; https://data.rcsb.org/
pdb_exact_sequence_ca_ree,b146b2cda1d68dfd96a2fe230850273780132a51e74f8f3508c34f2eda125f3d,6K2X,1P7V,1P7V_1,CA,PR,True,False,"separate deposits establish occupancy, not relative affinity",https://search.rcsb.org/; https://data.rcsb.org/
pdb_exact_sequence_ca_ree,b146b2cda1d68dfd96a2fe230850273780132a51e74f8f3508c34f2eda125f3d,6K2X,1P7W,1P7W_1,CA,PR,True,False,"separate deposits establish occupancy, not relative affinity",https://search.rcsb.org/; https://data.rcsb.org/
pdb_exact_sequence_ca_ree,b146b2cda1d68dfd96a2fe230850273780132a51e74f8f3508c34f2eda125f3d,6K2X,28EP,28EP_1,CA,PR,True,False,"separate deposits establish occupancy, not relative affinity",https://search.rcsb.org/; https://data.rcsb.org/
pdb_exact_sequence_ca_ree,b146b2cda1d68dfd96a2fe230850273780132a51e74f8f3508c34f2eda125f3d,6K2X,2DQK,2DQK_1,CA,PR,True,False,"separate deposits establish occupancy, not relative affinity",https://search.rcsb.org/; https://data.rcsb.org/
pdb_exact_sequence_ca_ree,b146b2cda1d68dfd96a2fe230850273780132a51e74f8f3508c34f2eda125f3d,6K2X,2DUJ,2DUJ_1,CA,PR,True,False,"separate deposits establish occupancy, not relative affinity",https://search.rcsb.org/; https://data.rcsb.org/
pdb_exact_sequence_ca_ree,b146b2cda1d68dfd96a2fe230850273780132a51e74f8f3508c34f2eda125f3d,6K2X,2G4V,2G4V_1,CA,PR,True,False,"separate deposits establish occupancy, not relative affinity",https://search.rcsb.org/; https://data.rcsb.org/
pdb_exact_sequence_ca_ree,b146b2cda1d68dfd96a2fe230850273780132a51e74f8f3508c34f2eda125f3d,6K2X,2HD4,2HD4_1,CA,PR,True,False,"separate deposits establish occupancy, not relative affinity",https://search.rcsb.org/; https://data.rcsb.org/
pdb_exact_sequence_ca_ree,b146b2cda1d68dfd96a2fe230850273780132a51e74f8f3508c34f2eda125f3d,6K2X,2HPZ,2HPZ_1,CA,PR,True,False,"separate deposits establish occupancy, not relative affinity",https://search.rcsb.org/; https://data.rcsb.org/
pdb_exact_sequence_ca_ree,b146b2cda1d68dfd96a2fe230850273780132a51e74f8f3508c34f2eda125f3d,6K2X,2ID8,2ID8_1,CA,PR,True,False,"separate deposits establish occupancy, not relative affinity",https://search.rcsb.org/; https://data.rcsb.org/
pdb_exact_sequence_ca_ree,b146b2cda1d68dfd96a2fe230850273780132a51e74f8f3508c34f2eda125f3d,6K2X,2PQ2,2PQ2_1,CA,PR,True,False,"separate deposits establish occupancy, not relative affinity",https://search.rcsb.org/; https://data.rcsb.org/
pdb_exact_sequence_ca_ree,b146b2cda1d68dfd96a2fe230850273780132a51e74f8f3508c34f2eda125f3d,6K2X,2PWA,2PWA_1,CA,PR,True,False,"separate deposits establish occupancy, not relative affinity",https://search.rcsb.org/; https://data.rcsb.org/
pdb_exact_sequence_ca_ree,b146b2cda1d68dfd96a2fe230850273780132a51e74f8f3508c34f2eda125f3d,6K2X,2PWB,2PWB_1,CA,PR,True,False,"separate deposits establish occupancy, not relative affinity",https://search.rcsb.org/; https://data.rcsb.org/
pdb_exact_sequence_ca_ree,b146b2cda1d68dfd96a2fe230850273780132a51e74f8f3508c34f2eda125f3d,6K2X,2PYZ,2PYZ_1,CA,PR,True,False,"separate deposits establish occupancy, not relative affinity",https://search.rcsb.org/; https://data.rcsb.org/
pdb_exact_sequence_ca_ree,b146b2cda1d68dfd96a2fe230850273780132a51e74f8f3508c34f2eda125f3d,6K2X,2V8B,2V8B_1,CA,PR,True,False,"separate deposits establish occupancy, not relative affinity",https://search.rcsb.org/; https://data.rcsb.org/
pdb_exact_sequence_ca_ree,b146b2cda1d68dfd96a2fe230850273780132a51e74f8f3508c34f2eda125f3d,6K2X,3AJ8,3AJ8_1,CA,PR,True,False,"separate deposits establish occupancy, not relative affinity",https://search.rcsb.org/; https://data.rcsb.org/
pdb_exact_sequence_ca_ree,b146b2cda1d68dfd96a2fe230850273780132a51e74f8f3508c34f2eda125f3d,6K2X,3AJ9,3AJ9_1,CA,PR,True,False,"separate deposits establish occupancy, not relative affinity",https://search.rcsb.org/; https://data.rcsb.org/
pdb_exact_sequence_ca_ree,b146b2cda1d68dfd96a2fe230850273780132a51e74f8f3508c34f2eda125f3d,6K2X,3DYB,3DYB_1,CA,PR,True,False,"separate deposits establish occupancy, not relative affinity",https://search.rcsb.org/; https://data.rcsb.org/
pdb_exact_sequence_ca_ree,b146b2cda1d68dfd96a2fe230850273780132a51e74f8f3508c34f2eda125f3d,6K2X,3L1K,3L1K_1,CA,PR,True,False,"separate deposits establish occupancy, not relative affinity",https://search.rcsb.org/; https://data.rcsb.org/
pdb_exact_sequence_ca_ree,b146b2cda1d68dfd96a2fe230850273780132a51e74f8f3508c34f2eda125f3d,6K2X,3OSZ,3OSZ_1,CA,PR,True,False,"separate deposits establish occupancy, not relative affinity",https://search.rcsb.org/; https://data.rcsb.org/
pdb_exact_sequence_ca_ree,b146b2cda1d68dfd96a2fe230850273780132a51e74f8f3508c34f2eda125f3d,6K2X,3Q40,3Q40_1,CA,PR,True,False,"separate deposits establish occupancy, not relative affinity",https://search.rcsb.org/; https://data.rcsb.org/
pdb_exact_sequence_ca_ree,b146b2cda1d68dfd96a2fe230850273780132a51e74f8f3508c34f2eda125f3d,6K2X,3Q5G,3Q5G_1,CA,PR,True,False,"separate deposits establish occupancy, not relative affinity",https://search.rcsb.org/; https://data.rcsb.org/
pdb_exact_sequence_ca_ree,b146b2cda1d68dfd96a2fe230850273780132a51e74f8f3508c34f2eda125f3d,6K2X,3QMP,3QMP_1,CA,PR,True,False,"separate deposits establish occupancy, not relative affinity",https://search.rcsb.org/; https://data.rcsb.org/
pdb_exact_sequence_ca_ree,b146b2cda1d68dfd96a2fe230850273780132a51e74f8f3508c34f2eda125f3d,6K2X,4B5L,4B5L_1,CA,PR,True,False,"separate deposits establish occupancy, not relative affinity",https://search.rcsb.org/; https://data.rcsb.org/
pdb_exact_sequence_ca_ree,b146b2cda1d68dfd96a2fe230850273780132a51e74f8f3508c34f2eda125f3d,6K2X,4FON,4FON_1,CA,PR,True,False,"separate deposits establish occupancy, not relative affinity",https://search.rcsb.org/; https://data.rcsb.org/
pdb_exact_sequence_ca_ree,b146b2cda1d68dfd96a2fe230850273780132a51e74f8f3508c34f2eda125f3d,6K2X,4ZAR,4ZAR_1,CA,PR,True,False,"separate deposits establish occupancy, not relative affinity",https://search.rcsb.org/; https://data.rcsb.org/
pdb_exact_sequence_ca_ree,b146b2cda1d68dfd96a2fe230850273780132a51e74f8f3508c34f2eda125f3d,6K2X,5AVJ,5AVJ_1,CA,PR,True,False,"separate deposits establish occupancy, not relative affinity",https://search.rcsb.org/; https://data.rcsb.org/
pdb_exact_sequence_ca_ree,b146b2cda1d68dfd96a2fe230850273780132a51e74f8f3508c34f2eda125f3d,6K2X,5B1D,5B1D_1,CA,PR,True,False,"separate deposits establish occupancy, not relative affinity",https://search.rcsb.org/; https://data.rcsb.org/
pdb_exact_sequence_ca_ree,b146b2cda1d68dfd96a2fe230850273780132a51e74f8f3508c34f2eda125f3d,6K2X,5B1E,5B1E_1,CA,PR,True,False,"separate deposits establish occupancy, not relative affinity",https://search.rcsb.org/; https://data.rcsb.org/
pdb_exact_sequence_ca_ree,b146b2cda1d68dfd96a2fe230850273780132a51e74f8f3508c34f2eda125f3d,6K2X,5KXU,5KXU_1,CA,PR,True,False,"separate deposits establish occupancy, not relative affinity",https://search.rcsb.org/; https://data.rcsb.org/
pdb_exact_sequence_ca_ree,b146b2cda1d68dfd96a2fe230850273780132a51e74f8f3508c34f2eda125f3d,6K2X,5KXV,5KXV_1,CA,PR,True,False,"separate deposits establish occupancy, not relative affinity",https://search.rcsb.org/; https://data.rcsb.org/
pdb_exact_sequence_ca_ree,b146b2cda1d68dfd96a2fe230850273780132a51e74f8f3508c34f2eda125f3d,6K2X,5MJL,5MJL_1,CA,PR,True,False,"separate deposits establish occupancy, not relative affinity",https://search.rcsb.org/; https://data.rcsb.org/
pdb_exact_sequence_ca_ree,b146b2cda1d68dfd96a2fe230850273780132a51e74f8f3508c34f2eda125f3d,6K2X,5UVL,5UVL_1,CA,PR,True,False,"separate deposits establish occupancy, not relative affinity",https://search.rcsb.org/; https://data.rcsb.org/
pdb_exact_sequence_ca_ree,b146b2cda1d68dfd96a2fe230850273780132a51e74f8f3508c34f2eda125f3d,6K2X,5WHW,5WHW_1,CA,PR,True,False,"separate deposits establish occupancy, not relative affinity",https://search.rcsb.org/; https://data.rcsb.org/
pdb_exact_sequence_ca_ree,b146b2cda1d68dfd96a2fe230850273780132a51e74f8f3508c34f2eda125f3d,6K2X,5WJG,5WJG_1,CA,PR,True,False,"separate deposits establish occupancy, not relative affinity",https://search.rcsb.org/; https://data.rcsb.org/
pdb_exact_sequence_ca_ree,b146b2cda1d68dfd96a2fe230850273780132a51e74f8f3508c34f2eda125f3d,6K2X,5WJH,5WJH_1,CA,PR,True,False,"separate deposits establish occupancy, not relative affinity",https://search.rcsb.org/; https://data.rcsb.org/
pdb_exact_sequence_ca_ree,b146b2cda1d68dfd96a2fe230850273780132a51e74f8f3508c34f2eda125f3d,6K2X,6FJS,6FJS_1,CA,PR,True,False,"separate deposits establish occupancy, not relative affinity",https://search.rcsb.org/; https://data.rcsb.org/
pdb_exact_sequence_ca_ree,b146b2cda1d68dfd96a2fe230850273780132a51e74f8f3508c34f2eda125f3d,6K2X,6J43,6J43_1,CA,PR,True,False,"separate deposits establish occupancy, not relative affinity",https://search.rcsb.org/; https://data.rcsb.org/
pdb_exact_sequence_ca_ree,b146b2cda1d68dfd96a2fe230850273780132a51e74f8f3508c34f2eda125f3d,6K2X,6K2P,6K2P_1,CA,PR,True,False,"separate deposits establish occupancy, not relative affinity",https://search.rcsb.org/; https://data.rcsb.org/
pdb_exact_sequence_ca_ree,b146b2cda1d68dfd96a2fe230850273780132a51e74f8f3508c34f2eda125f3d,6K2X,6K2R,6K2R_1,CA,PR,True,False,"separate deposits establish occupancy, not relative affinity",https://search.rcsb.org/; https://data.rcsb.org/
pdb_exact_sequence_ca_ree,b146b2cda1d68dfd96a2fe230850273780132a51e74f8f3508c34f2eda125f3d,6K2X,6K2S,6K2S_1,CA,PR,True,False,"separate deposits establish occupancy, not relative affinity",https://search.rcsb.org/; https://data.rcsb.org/
pdb_exact_sequence_ca_ree,b146b2cda1d68dfd96a2fe230850273780132a51e74f8f3508c34f2eda125f3d,6K2X,6K2T,6K2T_1,CA,PR,True,False,"separate deposits establish occupancy, not relative affinity",https://search.rcsb.org/; https://data.rcsb.org/
pdb_exact_sequence_ca_ree,b146b2cda1d68dfd96a2fe230850273780132a51e74f8f3508c34f2eda125f3d,6K2X,6K2V,6K2V_1,CA,PR,True,False,"separate deposits establish occupancy, not relative affinity",https://search.rcsb.org/; https://data.rcsb.org/
pdb_exact_sequence_ca_ree,b146b2cda1d68dfd96a2fe230850273780132a51e74f8f3508c34f2eda125f3d,6K2X,6K2W,6K2W_1,CA,PR,True,False,"separate deposits establish occupancy, not relative affinity",https://search.rcsb.org/; https://data.rcsb.org/
pdb_exact_sequence_ca_ree,b146b2cda1d68dfd96a2fe230850273780132a51e74f8f3508c34f2eda125f3d,6K2X,6MH6,6MH6_1,CA,PR,True,False,"separate deposits establish occupancy, not relative affinity",https://search.rcsb.org/; https://data.rcsb.org/
pdb_exact_sequence_ca_ree,b146b2cda1d68dfd96a2fe230850273780132a51e74f8f3508c34f2eda125f3d,6K2X,6N4U,6N4U_1,CA,PR,True,False,"separate deposits establish occupancy, not relative affinity",https://search.rcsb.org/; https://data.rcsb.org/
pdb_exact_sequence_ca_ree,b146b2cda1d68dfd96a2fe230850273780132a51e74f8f3508c34f2eda125f3d,6K2X,6QF1,6QF1_1,CA,PR,True,False,"separate deposits establish occupancy, not relative affinity",https://search.rcsb.org/; https://data.rcsb.org/
pdb_exact_sequence_ca_ree,b146b2cda1d68dfd96a2fe230850273780132a51e74f8f3508c34f2eda125f3d,6K2X,6QXV,6QXV_1,CA,PR,True,False,"separate deposits establish occupancy, not relative affinity",https://search.rcsb.org/; https://data.rcsb.org/
pdb_exact_sequence_ca_ree,b146b2cda1d68dfd96a2fe230850273780132a51e74f8f3508c34f2eda125f3d,6K2X,6RZP,6RZP_1,CA,PR,True,False,"separate deposits establish occupancy, not relative affinity",https://search.rcsb.org/; https://data.rcsb.org/
pdb_exact_sequence_ca_ree,b146b2cda1d68dfd96a2fe230850273780132a51e74f8f3508c34f2eda125f3d,6K2X,6TXG,6TXG_1,CA,PR,True,False,"separate deposits establish occupancy, not relative affinity",https://search.rcsb.org/; https://data.rcsb.org/
pdb_exact_sequence_ca_ree,b146b2cda1d68dfd96a2fe230850273780132a51e74f8f3508c34f2eda125f3d,6K2X,6V8R,6V8R_1,CA,PR,True,False,"separate deposits establish occupancy, not relative affinity",https://search.rcsb.org/; https://data.rcsb.org/
pdb_exact_sequence_ca_ree,b146b2cda1d68dfd96a2fe230850273780132a51e74f8f3508c34f2eda125f3d,6K2X,6ZET,6ZET_1,CA,PR,True,False,"separate deposits establish occupancy, not relative affinity",https://search.rcsb.org/; https://data.rcsb.org/
pdb_exact_sequence_ca_ree,b146b2cda1d68dfd96a2fe230850273780132a51e74f8f3508c34f2eda125f3d,6K2X,6ZEU,6ZEU_1,CA,PR,True,False,"separate deposits establish occupancy, not relative affinity",https://search.rcsb.org/; https://data.rcsb.org/
pdb_exact_sequence_ca_ree,b146b2cda1d68dfd96a2fe230850273780132a51e74f8f3508c34f2eda125f3d,6K2X,6ZEV,6ZEV_1,CA,PR,True,False,"separate deposits establish occupancy, not relative affinity",https://search.rcsb.org/; https://data.rcsb.org/
pdb_exact_sequence_ca_ree,b146b2cda1d68dfd96a2fe230850273780132a51e74f8f3508c34f2eda125f3d,6K2X,7C0P,7C0P_1,CA,PR,True,False,"separate deposits establish occupancy, not relative affinity",https://search.rcsb.org/; https://data.rcsb.org/
pdb_exact_sequence_ca_ree,b146b2cda1d68dfd96a2fe230850273780132a51e74f8f3508c34f2eda125f3d,6K2X,7LN7,7LN7_1,CA,PR,True,False,"separate deposits establish occupancy, not relative affinity",https://search.rcsb.org/; https://data.rcsb.org/
pdb_exact_sequence_ca_ree,b146b2cda1d68dfd96a2fe230850273780132a51e74f8f3508c34f2eda125f3d,6K2X,7LPT,7LPT_1,CA,PR,True,False,"separate deposits establish occupancy, not relative affinity",https://search.rcsb.org/; https://data.rcsb.org/
pdb_exact_sequence_ca_ree,b146b2cda1d68dfd96a2fe230850273780132a51e74f8f3508c34f2eda125f3d,6K2X,7LPU,7LPU_1,CA,PR,True,False,"separate deposits establish occupancy, not relative affinity",https://search.rcsb.org/; https://data.rcsb.org/
pdb_exact_sequence_ca_ree,b146b2cda1d68dfd96a2fe230850273780132a51e74f8f3508c34f2eda125f3d,6K2X,7LPV,7LPV_1,CA,PR,True,False,"separate deposits establish occupancy, not relative affinity",https://search.rcsb.org/; https://data.rcsb.org/
pdb_exact_sequence_ca_ree,b146b2cda1d68dfd96a2fe230850273780132a51e74f8f3508c34f2eda125f3d,6K2X,7LQ8,7LQ8_1,CA,PR,True,False,"separate deposits establish occupancy, not relative affinity",https://search.rcsb.org/; https://data.rcsb.org/
pdb_exact_sequence_ca_ree,b146b2cda1d68dfd96a2fe230850273780132a51e74f8f3508c34f2eda125f3d,6K2X,7LQ9,7LQ9_1,CA,PR,True,False,"separate deposits establish occupancy, not relative affinity",https://search.rcsb.org/; https://data.rcsb.org/
pdb_exact_sequence_ca_ree,b146b2cda1d68dfd96a2fe230850273780132a51e74f8f3508c34f2eda125f3d,6K2X,7LQA,7LQA_1,CA,PR,True,False,"separate deposits establish occupancy, not relative affinity",https://search.rcsb.org/; https://data.rcsb.org/
pdb_exact_sequence_ca_ree,b146b2cda1d68dfd96a2fe230850273780132a51e74f8f3508c34f2eda125f3d,6K2X,7LQB,7LQB_1,CA,PR,True,False,"separate deposits establish occupancy, not relative affinity",https://search.rcsb.org/; https://data.rcsb.org/
pdb_exact_sequence_ca_ree,b146b2cda1d68dfd96a2fe230850273780132a51e74f8f3508c34f2eda125f3d,6K2X,7LQC,7LQC_1,CA,PR,True,False,"separate deposits establish occupancy, not relative affinity",https://search.rcsb.org/; https://data.rcsb.org/
pdb_exact_sequence_ca_ree,b146b2cda1d68dfd96a2fe230850273780132a51e74f8f3508c34f2eda125f3d,6K2X,7LTD,7LTD_1,CA,PR,True,False,"separate deposits establish occupancy, not relative affinity",https://search.rcsb.org/; https://data.rcsb.org/
pdb_exact_sequence_ca_ree,b146b2cda1d68dfd96a2fe230850273780132a51e74f8f3508c34f2eda125f3d,6K2X,7LTI,7LTI_1,CA,PR,True,False,"separate deposits establish occupancy, not relative affinity",https://search.rcsb.org/; https://data.rcsb.org/
pdb_exact_sequence_ca_ree,b146b2cda1d68dfd96a2fe230850273780132a51e74f8f3508c34f2eda125f3d,6K2X,7LTV,7LTV_1,CA,PR,True,False,"separate deposits establish occupancy, not relative affinity",https://search.rcsb.org/; https://data.rcsb.org/
pdb_exact_sequence_ca_ree,b146b2cda1d68dfd96a2fe230850273780132a51e74f8f3508c34f2eda125f3d,6K2X,7LU0,7LU0_1,CA,PR,True,False,"separate deposits establish occupancy, not relative affinity",https://search.rcsb.org/; https://data.rcsb.org/
pdb_exact_sequence_ca_ree,b146b2cda1d68dfd96a2fe230850273780132a51e74f8f3508c34f2eda125f3d,6K2X,7LU1,7LU1_1,CA,PR,True,False,"separate deposits establish occupancy, not relative affinity",https://search.rcsb.org/; https://data.rcsb.org/
pdb_exact_sequence_ca_ree,b146b2cda1d68dfd96a2fe230850273780132a51e74f8f3508c34f2eda125f3d,6K2X,7LU2,7LU2_1,CA,PR,True,False,"separate deposits establish occupancy, not relative affinity",https://search.rcsb.org/; https://data.rcsb.org/
pdb_exact_sequence_ca_ree,b146b2cda1d68dfd96a2fe230850273780132a51e74f8f3508c34f2eda125f3d,6K2X,7LU3,7LU3_1,CA,PR,True,False,"separate deposits establish occupancy, not relative affinity",https://search.rcsb.org/; https://data.rcsb.org/
pdb_exact_sequence_ca_ree,b146b2cda1d68dfd96a2fe230850273780132a51e74f8f3508c34f2eda125f3d,6K2X,7S4Z,7S4Z_1,CA,PR,True,False,"separate deposits establish occupancy, not relative affinity",https://search.rcsb.org/; https://data.rcsb.org/
pdb_exact_sequence_ca_ree,b146b2cda1d68dfd96a2fe230850273780132a51e74f8f3508c34f2eda125f3d,6K2X,8E53,8E53_1,CA,PR,True,False,"separate deposits establish occupancy, not relative affinity",https://search.rcsb.org/; https://data.rcsb.org/
pdb_exact_sequence_ca_ree,b146b2cda1d68dfd96a2fe230850273780132a51e74f8f3508c34f2eda125f3d,6K2X,8F05,8F05_1,CA,PR,True,False,"separate deposits establish occupancy, not relative affinity",https://search.rcsb.org/; https://data.rcsb.org/
pdb_exact_sequence_ca_ree,b146b2cda1d68dfd96a2fe230850273780132a51e74f8f3508c34f2eda125f3d,6K2X,8F06,8F06_1,CA,PR,True,False,"separate deposits establish occupancy, not relative affinity",https://search.rcsb.org/; https://data.rcsb.org/
pdb_exact_sequence_ca_ree,b146b2cda1d68dfd96a2fe230850273780132a51e74f8f3508c34f2eda125f3d,6K2X,8F07,8F07_1,CA,PR,True,False,"separate deposits establish occupancy, not relative affinity",https://search.rcsb.org/; https://data.rcsb.org/
pdb_exact_sequence_ca_ree,b146b2cda1d68dfd96a2fe230850273780132a51e74f8f3508c34f2eda125f3d,6K2X,8FYO,8FYO_1,CA,PR,True,False,"separate deposits establish occupancy, not relative affinity",https://search.rcsb.org/; https://data.rcsb.org/
pdb_exact_sequence_ca_ree,b146b2cda1d68dfd96a2fe230850273780132a51e74f8f3508c34f2eda125f3d,6K2X,8FYP,8FYP_1,CA,PR,True,False,"separate deposits establish occupancy, not relative affinity",https://search.rcsb.org/; https://data.rcsb.org/
pdb_exact_sequence_ca_ree,b146b2cda1d68dfd96a2fe230850273780132a51e74f8f3508c34f2eda125f3d,6K2X,8FYQ,8FYQ_1,CA,PR,True,False,"separate deposits establish occupancy, not relative affinity",https://search.rcsb.org/; https://data.rcsb.org/
pdb_exact_sequence_ca_ree,b146b2cda1d68dfd96a2fe230850273780132a51e74f8f3508c34f2eda125f3d,6K2X,8FYR,8FYR_1,CA,PR,True,False,"separate deposits establish occupancy, not relative affinity",https://search.rcsb.org/; https://data.rcsb.org/
pdb_exact_sequence_ca_ree,b146b2cda1d68dfd96a2fe230850273780132a51e74f8f3508c34f2eda125f3d,6K2X,8FYS,8FYS_1,CA,PR,True,False,"separate deposits establish occupancy, not relative affinity",https://search.rcsb.org/; https://data.rcsb.org/
pdb_exact_sequence_ca_ree,b146b2cda1d68dfd96a2fe230850273780132a51e74f8f3508c34f2eda125f3d,6K2X,8SOG,8SOG_1,CA,PR,True,False,"separate deposits establish occupancy, not relative affinity",https://search.rcsb.org/; https://data.rcsb.org/
pdb_exact_sequence_ca_ree,b146b2cda1d68dfd96a2fe230850273780132a51e74f8f3508c34f2eda125f3d,6K2X,8SOU,8SOU_1,CA,PR,True,False,"separate deposits establish occupancy, not relative affinity",https://search.rcsb.org/; https://data.rcsb.org/
pdb_exact_sequence_ca_ree,b146b2cda1d68dfd96a2fe230850273780132a51e74f8f3508c34f2eda125f3d,6K2X,8SOV,8SOV_1,CA,PR,True,False,"separate deposits establish occupancy, not relative affinity",https://search.rcsb.org/; https://data.rcsb.org/
pdb_exact_sequence_ca_ree,b146b2cda1d68dfd96a2fe230850273780132a51e74f8f3508c34f2eda125f3d,6K2X,8SPL,8SPL_1,CA,PR,True,False,"separate deposits establish occupancy, not relative affinity",https://search.rcsb.org/; https://data.rcsb.org/
pdb_exact_sequence_ca_ree,b146b2cda1d68dfd96a2fe230850273780132a51e74f8f3508c34f2eda125f3d,6K2X,8SQV,8SQV_1,CA,PR,True,False,"separate deposits establish occupancy, not relative affinity",https://search.rcsb.org/; https://data.rcsb.org/
pdb_exact_sequence_ca_ree,b146b2cda1d68dfd96a2fe230850273780132a51e74f8f3508c34f2eda125f3d,6K2X,9DHO,9DHO_1,CA,PR,True,False,"separate deposits establish occupancy, not relative affinity",https://search.rcsb.org/; https://data.rcsb.org/
pdb_exact_sequence_ca_ree,b146b2cda1d68dfd96a2fe230850273780132a51e74f8f3508c34f2eda125f3d,6K2X,9FTX,9FTX_1,CA,PR,True,False,"separate deposits establish occupancy, not relative affinity",https://search.rcsb.org/; https://data.rcsb.org/
pdb_exact_sequence_ca_ree,b146b2cda1d68dfd96a2fe230850273780132a51e74f8f3508c34f2eda125f3d,6K2X,9FTY,9FTY_1,CA,PR,True,False,"separate deposits establish occupancy, not relative affinity",https://search.rcsb.org/; https://data.rcsb.org/
pdb_exact_sequence_ca_ree,b146b2cda1d68dfd96a2fe230850273780132a51e74f8f3508c34f2eda125f3d,6K2X,9FU1,9FU1_1,CA,PR,True,False,"separate deposits establish occupancy, not relative affinity",https://search.rcsb.org/; https://data.rcsb.org/
pdb_exact_sequence_ca_ree,b146b2cda1d68dfd96a2fe230850273780132a51e74f8f3508c34f2eda125f3d,6K2X,9N0F,9N0F_1,CA,PR,True,False,"separate deposits establish occupancy, not relative affinity",https://search.rcsb.org/; https://data.rcsb.org/
pdb_exact_sequence_ca_ree,b146b2cda1d68dfd96a2fe230850273780132a51e74f8f3508c34f2eda125f3d,6K2X,9N0G,9N0G_1,CA,PR,True,False,"separate deposits establish occupancy, not relative affinity",https://search.rcsb.org/; https://data.rcsb.org/
pdb_exact_sequence_ca_ree,b146b2cda1d68dfd96a2fe230850273780132a51e74f8f3508c34f2eda125f3d,6K2X,9N0H,9N0H_1,CA,PR,True,False,"separate deposits establish occupancy, not relative affinity",https://search.rcsb.org/; https://data.rcsb.org/
pdb_exact_sequence_ca_ree,b146b2cda1d68dfd96a2fe230850273780132a51e74f8f3508c34f2eda125f3d,6K2X,9ODV,9ODV_1,CA,PR,True,False,"separate deposits establish occupancy, not relative affinity",https://search.rcsb.org/; https://data.rcsb.org/
pdb_exact_sequence_ca_ree,b146b2cda1d68dfd96a2fe230850273780132a51e74f8f3508c34f2eda125f3d,6K2X,9ODW,9ODW_1,CA,PR,True,False,"separate deposits establish occupancy, not relative affinity",https://search.rcsb.org/; https://data.rcsb.org/
pdb_exact_sequence_ca_ree,b146b2cda1d68dfd96a2fe230850273780132a51e74f8f3508c34f2eda125f3d,6K2X,9OYY,9OYY_1,CA,PR,True,False,"separate deposits establish occupancy, not relative affinity",https://search.rcsb.org/; https://data.rcsb.org/
pdb_exact_sequence_ca_ree,403bf3f6650f70a712d361a3088d93faa255a4fcdffab0cc2547a0df428f4ad4,1YZR,1MNP,1MNP_1,CA,SM,True,False,"separate deposits establish occupancy, not relative affinity",https://search.rcsb.org/; https://data.rcsb.org/
pdb_exact_sequence_ca_ree,403bf3f6650f70a712d361a3088d93faa255a4fcdffab0cc2547a0df428f4ad4,1YZR,1YYD,1YYD_1,CA,SM,True,False,"separate deposits establish occupancy, not relative affinity",https://search.rcsb.org/; https://data.rcsb.org/
pdb_exact_sequence_ca_ree,403bf3f6650f70a712d361a3088d93faa255a4fcdffab0cc2547a0df428f4ad4,1YZR,1YYG,1YYG_1,CA,SM,True,False,"separate deposits establish occupancy, not relative affinity",https://search.rcsb.org/; https://data.rcsb.org/
pdb_exact_sequence_ca_ree,403bf3f6650f70a712d361a3088d93faa255a4fcdffab0cc2547a0df428f4ad4,1YZR,1YZP,1YZP_1,CA,SM,True,False,"separate deposits establish occupancy, not relative affinity",https://search.rcsb.org/; https://data.rcsb.org/
pdb_exact_sequence_ca_ree,403bf3f6650f70a712d361a3088d93faa255a4fcdffab0cc2547a0df428f4ad4,1YZR,3M5Q,3M5Q_1,CA,SM,True,False,"separate deposits establish occupancy, not relative affinity",https://search.rcsb.org/; https://data.rcsb.org/
pdb_exact_sequence_ca_ree,403bf3f6650f70a712d361a3088d93faa255a4fcdffab0cc2547a0df428f4ad4,1YZR,3M8M,3M8M_1,CA,SM,True,False,"separate deposits establish occupancy, not relative affinity",https://search.rcsb.org/; https://data.rcsb.org/
pdb_exact_sequence_ca_ree,c83abec0d1d786fb82a5803fd45e646a9ef7420984e1e99bb08deeec1e665fbd,1NCZ,1TOP,1TOP_1,CA,TB,True,False,"separate deposits establish occupancy, not relative affinity",https://search.rcsb.org/; https://data.rcsb.org/
pdb_exact_sequence_ca_ree,c83abec0d1d786fb82a5803fd45e646a9ef7420984e1e99bb08deeec1e665fbd,1NCZ,1YTZ,1YTZ_3,CA,TB,True,False,"separate deposits establish occupancy, not relative affinity",https://search.rcsb.org/; https://data.rcsb.org/
pdb_exact_sequence_ca_ree,ac8ee47688789c7b362081d8566649d1bdd0f2f5d165c3cb7cb91081fd034dc7,2V15,1UMN,1UMN_1,CA,TB,True,False,"separate deposits establish occupancy, not relative affinity",https://search.rcsb.org/; https://data.rcsb.org/
pdb_exact_sequence_ca_ree,ac8ee47688789c7b362081d8566649d1bdd0f2f5d165c3cb7cb91081fd034dc7,2V15,2XJM,2XJM_1,CA,TB,True,False,"separate deposits establish occupancy, not relative affinity",https://search.rcsb.org/; https://data.rcsb.org/
pdb_exact_sequence_ca_ree,ac8ee47688789c7b362081d8566649d1bdd0f2f5d165c3cb7cb91081fd034dc7,2V15,2XJN,2XJN_1,CA,TB,True,False,"separate deposits establish occupancy, not relative affinity",https://search.rcsb.org/; https://data.rcsb.org/
pdb_exact_sequence_ca_ree,ac8ee47688789c7b362081d8566649d1bdd0f2f5d165c3cb7cb91081fd034dc7,2V15,2XJO,2XJO_1,CA,TB,True,False,"separate deposits establish occupancy, not relative affinity",https://search.rcsb.org/; https://data.rcsb.org/
pdb_exact_sequence_ca_ree,ac8ee47688789c7b362081d8566649d1bdd0f2f5d165c3cb7cb91081fd034dc7,2V15,2XKQ,2XKQ_1,CA,TB,True,False,"separate deposits establish occupancy, not relative affinity",https://search.rcsb.org/; https://data.rcsb.org/
pdb_exact_sequence_ca_ree,eaf1f8d7f5bf78bbefe1100d912a09893361c57dda057f634adb5c5af6dfe79c,6F2K,8BQR,8BQR_1,CA,TB,True,False,"separate deposits establish occupancy, not relative affinity",https://search.rcsb.org/; https://data.rcsb.org/
pdb_exact_sequence_ca_ree,eaf1f8d7f5bf78bbefe1100d912a09893361c57dda057f634adb5c5af6dfe79c,6FRO,8BQR,8BQR_1,CA,TB,True,False,"separate deposits establish occupancy, not relative affinity",https://search.rcsb.org/; https://data.rcsb.org/
pdb_exact_sequence_ca_ree,eaf1f8d7f5bf78bbefe1100d912a09893361c57dda057f634adb5c5af6dfe79c,6FRQ,8BQR,8BQR_1,CA,TB,True,False,"separate deposits establish occupancy, not relative affinity",https://search.rcsb.org/; https://data.rcsb.org/
pdb_exact_sequence_ca_ree,eaf1f8d7f5bf78bbefe1100d912a09893361c57dda057f634adb5c5af6dfe79c,8OWC,8BQR,8BQR_1,CA,TB,True,False,"separate deposits establish occupancy, not relative affinity",https://search.rcsb.org/; https://data.rcsb.org/
pdb_exact_sequence_ca_ree,eaf1f8d7f5bf78bbefe1100d912a09893361c57dda057f634adb5c5af6dfe79c,8PIW,8BQR,8BQR_1,CA,TB,True,False,"separate deposits establish occupancy, not relative affinity",https://search.rcsb.org/; https://data.rcsb.org/
pdb_exact_sequence_ca_ree,eaf1f8d7f5bf78bbefe1100d912a09893361c57dda057f634adb5c5af6dfe79c,8POB,8BQR,8BQR_1,CA,TB,True,False,"separate deposits establish occupancy, not relative affinity",https://search.rcsb.org/; https://data.rcsb.org/
pdb_exact_sequence_ca_ree,95fcbb65eccbfa3d5cd5b279a97aaa97d23a8e5d0548995dd292aa90ae975079,1YTT,2MSB,2MSB_1,CA,YB,True,False,"separate deposits establish occupancy, not relative affinity",https://search.rcsb.org/; https://data.rcsb.org/
pdb_exact_sequence_ca_ree,eaf1f8d7f5bf78bbefe1100d912a09893361c57dda057f634adb5c5af6dfe79c,4NGV,8BQR,8BQR_1,CA,YB,True,False,"separate deposits establish occupancy, not relative affinity",https://search.rcsb.org/; https://data.rcsb.org/
pdb_exact_sequence_ca_ree,eaf1f8d7f5bf78bbefe1100d912a09893361c57dda057f634adb5c5af6dfe79c,4NGW,8BQR,8BQR_1,CA,YB,True,False,"separate deposits establish occupancy, not relative affinity",https://search.rcsb.org/; https://data.rcsb.org/
pdb_exact_sequence_ca_ree,eaf1f8d7f5bf78bbefe1100d912a09893361c57dda057f634adb5c5af6dfe79c,4NGY,8BQR,8BQR_1,CA,YB,True,False,"separate deposits establish occupancy, not relative affinity",https://search.rcsb.org/; https://data.rcsb.org/
pdb_exact_sequence_ca_ree,eaf1f8d7f5bf78bbefe1100d912a09893361c57dda057f634adb5c5af6dfe79c,4NGZ,8BQR,8BQR_1,CA,YB,True,False,"separate deposits establish occupancy, not relative affinity",https://search.rcsb.org/; https://data.rcsb.org/
