model,quantization,gpu_layers,context,server_count,phase,prompt_chars,added_server,mounted_servers,elapsed_s,exit_code,interrupted,agent_tool_attempts,agent_tool_successes,correct_value_read_back,receipt_cited_and_resolves,forged_call_id_rejected,source_tool_block_bytes,forwarded_tool_block_bytes,forwarded_function_count,verdict,call_id,trace_path,shim_meta_path
Qwen2.5-7B-Instruct Q4_K_M,Q4_K_M,99,32768,1,sustained,1792,probe,probe,3.798,0,False,1,1,True,True,True,71589,233,1,PASS,call_id:69e447f06b174f81ba951f8ea9e1b253,/home/aid1/Documents/2_19C_biology/results/benchmark/stage3c_2026-09-13/sustained_count1_run0001_trace.jsonl,/home/aid1/Documents/2_19C_biology/results/benchmark/stage3c_2026-09-13/shim/shim_005_parsed.json
Qwen2.5-7B-Instruct Q4_K_M,Q4_K_M,99,32768,1,sustained,1792,probe,probe,3.364,0,False,1,1,True,True,True,71589,233,1,PASS,call_id:53bff8455ca34e75990e9fc2d7b5e2fd,/home/aid1/Documents/2_19C_biology/results/benchmark/stage3c_2026-09-13/sustained_count1_run0002_trace.jsonl,/home/aid1/Documents/2_19C_biology/results/benchmark/stage3c_2026-09-13/shim/shim_007_parsed.json
Qwen2.5-7B-Instruct Q4_K_M,Q4_K_M,99,32768,1,sustained,1792,probe,probe,3.863,0,False,1,1,True,True,True,71589,233,1,PASS,call_id:887efa860163451cacff7af48cf4ab7d,/home/aid1/Documents/2_19C_biology/results/benchmark/stage3c_2026-09-13/sustained_count1_run0003_trace.jsonl,/home/aid1/Documents/2_19C_biology/results/benchmark/stage3c_2026-09-13/shim/shim_009_parsed.json
Qwen2.5-7B-Instruct Q4_K_M,Q4_K_M,99,32768,1,sustained,1792,probe,probe,3.853,0,False,1,1,True,True,True,71589,233,1,PASS,call_id:690d46a1cad745d5810146562d0bbc20,/home/aid1/Documents/2_19C_biology/results/benchmark/stage3c_2026-09-13/sustained_count1_run0004_trace.jsonl,/home/aid1/Documents/2_19C_biology/results/benchmark/stage3c_2026-09-13/shim/shim_011_parsed.json
Qwen2.5-7B-Instruct Q4_K_M,Q4_K_M,99,32768,1,sustained,1792,probe,probe,3.503,0,False,1,1,True,True,True,71589,233,1,PASS,call_id:bcbbf751e6be4c058554fb4e16bde060,/home/aid1/Documents/2_19C_biology/results/benchmark/stage3c_2026-09-13/sustained_count1_run0005_trace.jsonl,/home/aid1/Documents/2_19C_biology/results/benchmark/stage3c_2026-09-13/shim/shim_013_parsed.json
Qwen2.5-7B-Instruct Q4_K_M,Q4_K_M,99,32768,1,sustained,1792,probe,probe,3.82,0,False,1,1,True,True,True,71589,233,1,PASS,call_id:8ffb6cacaa064519bed1089a56614253,/home/aid1/Documents/2_19C_biology/results/benchmark/stage3c_2026-09-13/sustained_count1_run0006_trace.jsonl,/home/aid1/Documents/2_19C_biology/results/benchmark/stage3c_2026-09-13/shim/shim_015_parsed.json
Qwen2.5-7B-Instruct Q4_K_M,Q4_K_M,99,32768,1,sustained,1792,probe,probe,3.342,0,False,1,1,True,True,True,71589,233,1,PASS,call_id:9da576866e274fada6d64f612aedb6dc,/home/aid1/Documents/2_19C_biology/results/benchmark/stage3c_2026-09-13/sustained_count1_run0007_trace.jsonl,/home/aid1/Documents/2_19C_biology/results/benchmark/stage3c_2026-09-13/shim/shim_017_parsed.json
Qwen2.5-7B-Instruct Q4_K_M,Q4_K_M,99,32768,1,sustained,1792,probe,probe,3.666,0,False,1,1,True,True,True,71589,233,1,PASS,call_id:35a13926bdcf45bcad8e74460bf0753b,/home/aid1/Documents/2_19C_biology/results/benchmark/stage3c_2026-09-13/sustained_count1_run0008_trace.jsonl,/home/aid1/Documents/2_19C_biology/results/benchmark/stage3c_2026-09-13/shim/shim_019_parsed.json
Qwen2.5-7B-Instruct Q4_K_M,Q4_K_M,99,32768,1,sustained,1792,probe,probe,3.44,0,False,1,1,True,True,True,71589,233,1,PASS,call_id:c31d0c6eaf774d76aad9ebac9039b669,/home/aid1/Documents/2_19C_biology/results/benchmark/stage3c_2026-09-13/sustained_count1_run0009_trace.jsonl,/home/aid1/Documents/2_19C_biology/results/benchmark/stage3c_2026-09-13/shim/shim_021_parsed.json
Qwen2.5-7B-Instruct Q4_K_M,Q4_K_M,99,32768,1,sustained,1792,probe,probe,3.417,0,False,1,1,True,True,True,71589,233,1,PASS,call_id:fb5341d9c5214c81a01815028c878311,/home/aid1/Documents/2_19C_biology/results/benchmark/stage3c_2026-09-13/sustained_count1_run0010_trace.jsonl,/home/aid1/Documents/2_19C_biology/results/benchmark/stage3c_2026-09-13/shim/shim_023_parsed.json
Qwen2.5-7B-Instruct Q4_K_M,Q4_K_M,99,32768,1,sustained,1792,probe,probe,3.967,0,False,1,1,True,True,True,71589,233,1,PASS,call_id:3c42de990f0b44d787002520c49d5ae0,/home/aid1/Documents/2_19C_biology/results/benchmark/stage3c_2026-09-13/sustained_count1_run0011_trace.jsonl,/home/aid1/Documents/2_19C_biology/results/benchmark/stage3c_2026-09-13/shim/shim_025_parsed.json
Qwen2.5-7B-Instruct Q4_K_M,Q4_K_M,99,32768,1,sustained,1792,probe,probe,3.856,0,False,1,1,True,True,True,71589,233,1,PASS,call_id:585f233e87ba4709bde001c6f160acda,/home/aid1/Documents/2_19C_biology/results/benchmark/stage3c_2026-09-13/sustained_count1_run0012_trace.jsonl,/home/aid1/Documents/2_19C_biology/results/benchmark/stage3c_2026-09-13/shim/shim_027_parsed.json
Qwen2.5-7B-Instruct Q4_K_M,Q4_K_M,99,32768,1,sustained,1792,probe,probe,3.93,0,False,1,1,True,True,True,71589,233,1,PASS,call_id:7b9b1b30644942a282367c4b4a815f6d,/home/aid1/Documents/2_19C_biology/results/benchmark/stage3c_2026-09-13/sustained_count1_run0013_trace.jsonl,/home/aid1/Documents/2_19C_biology/results/benchmark/stage3c_2026-09-13/shim/shim_029_parsed.json
Qwen2.5-7B-Instruct Q4_K_M,Q4_K_M,99,32768,1,sustained,1792,probe,probe,4.022,0,False,1,1,True,True,True,71589,233,1,PASS,call_id:136ad7c029f44d5cb49218fea83c656d,/home/aid1/Documents/2_19C_biology/results/benchmark/stage3c_2026-09-13/sustained_count1_run0014_trace.jsonl,/home/aid1/Documents/2_19C_biology/results/benchmark/stage3c_2026-09-13/shim/shim_031_parsed.json
Qwen2.5-7B-Instruct Q4_K_M,Q4_K_M,99,32768,1,sustained,1792,probe,probe,5.487,0,False,1,1,True,True,True,71589,233,1,PASS,call_id:3be5c976fdba4befbad59df1eabcdadb,/home/aid1/Documents/2_19C_biology/results/benchmark/stage3c_2026-09-13/sustained_count1_run0015_trace.jsonl,/home/aid1/Documents/2_19C_biology/results/benchmark/stage3c_2026-09-13/shim/shim_033_parsed.json
Qwen2.5-7B-Instruct Q4_K_M,Q4_K_M,99,32768,1,sustained,1792,probe,probe,3.363,0,False,1,1,True,True,True,71589,233,1,PASS,call_id:9361985d70cf41ce8f486753cb22eff2,/home/aid1/Documents/2_19C_biology/results/benchmark/stage3c_2026-09-13/sustained_count1_run0016_trace.jsonl,/home/aid1/Documents/2_19C_biology/results/benchmark/stage3c_2026-09-13/shim/shim_035_parsed.json
Qwen2.5-7B-Instruct Q4_K_M,Q4_K_M,99,32768,1,sustained,1792,probe,probe,3.602,0,False,1,1,True,True,True,71589,233,1,PASS,call_id:a1aa62c72d8c47f495247811095d9698,/home/aid1/Documents/2_19C_biology/results/benchmark/stage3c_2026-09-13/sustained_count1_run0017_trace.jsonl,/home/aid1/Documents/2_19C_biology/results/benchmark/stage3c_2026-09-13/shim/shim_037_parsed.json
Qwen2.5-7B-Instruct Q4_K_M,Q4_K_M,99,32768,1,sustained,1792,probe,probe,4.141,0,False,1,1,True,True,True,71589,233,1,PASS,call_id:044a999632124b9592e05cf1822c503d,/home/aid1/Documents/2_19C_biology/results/benchmark/stage3c_2026-09-13/sustained_count1_run0018_trace.jsonl,/home/aid1/Documents/2_19C_biology/results/benchmark/stage3c_2026-09-13/shim/shim_039_parsed.json
Qwen2.5-7B-Instruct Q4_K_M,Q4_K_M,99,32768,1,sustained,1792,probe,probe,3.393,0,False,1,1,True,True,True,71589,233,1,PASS,call_id:351d655474a745c6977b4a6b6546ea6c,/home/aid1/Documents/2_19C_biology/results/benchmark/stage3c_2026-09-13/sustained_count1_run0019_trace.jsonl,/home/aid1/Documents/2_19C_biology/results/benchmark/stage3c_2026-09-13/shim/shim_041_parsed.json
Qwen2.5-7B-Instruct Q4_K_M,Q4_K_M,99,32768,1,sustained,1792,probe,probe,4.441,0,False,1,1,True,True,True,71589,233,1,PASS,call_id:85835b7b77be42d3beb646601493e81f,/home/aid1/Documents/2_19C_biology/results/benchmark/stage3c_2026-09-13/sustained_count1_run0020_trace.jsonl,/home/aid1/Documents/2_19C_biology/results/benchmark/stage3c_2026-09-13/shim/shim_043_parsed.json
Qwen2.5-7B-Instruct Q4_K_M,Q4_K_M,99,32768,1,sustained,1792,probe,probe,3.956,0,False,1,1,True,True,True,71589,233,1,PASS,call_id:6c53b546929c4576aa2e9a76e0063700,/home/aid1/Documents/2_19C_biology/results/benchmark/stage3c_2026-09-13/sustained_count1_run0021_trace.jsonl,/home/aid1/Documents/2_19C_biology/results/benchmark/stage3c_2026-09-13/shim/shim_045_parsed.json
Qwen2.5-7B-Instruct Q4_K_M,Q4_K_M,99,32768,1,sustained,1792,probe,probe,3.52,0,False,1,1,True,True,True,71589,233,1,PASS,call_id:c22dff80e889413abe9f76661264b4c0,/home/aid1/Documents/2_19C_biology/results/benchmark/stage3c_2026-09-13/sustained_count1_run0022_trace.jsonl,/home/aid1/Documents/2_19C_biology/results/benchmark/stage3c_2026-09-13/shim/shim_047_parsed.json
Qwen2.5-7B-Instruct Q4_K_M,Q4_K_M,99,32768,1,sustained,1792,probe,probe,3.368,0,False,1,1,True,True,True,71589,233,1,PASS,call_id:67ab3d9b8a9f4eb6b78532aa8acf0ea3,/home/aid1/Documents/2_19C_biology/results/benchmark/stage3c_2026-09-13/sustained_count1_run0023_trace.jsonl,/home/aid1/Documents/2_19C_biology/results/benchmark/stage3c_2026-09-13/shim/shim_049_parsed.json
Qwen2.5-7B-Instruct Q4_K_M,Q4_K_M,99,32768,1,sustained,1792,probe,probe,3.319,0,False,1,1,True,True,True,71589,233,1,PASS,call_id:9997271d56df40a1b5cb17c7c55593b3,/home/aid1/Documents/2_19C_biology/results/benchmark/stage3c_2026-09-13/sustained_count1_run0024_trace.jsonl,/home/aid1/Documents/2_19C_biology/results/benchmark/stage3c_2026-09-13/shim/shim_051_parsed.json
Qwen2.5-7B-Instruct Q4_K_M,Q4_K_M,99,32768,1,sustained,1792,probe,probe,3.397,0,False,1,1,True,True,True,71589,233,1,PASS,call_id:fbe077d5ed8240dea50dc400fd0c5d6a,/home/aid1/Documents/2_19C_biology/results/benchmark/stage3c_2026-09-13/sustained_count1_run0025_trace.jsonl,/home/aid1/Documents/2_19C_biology/results/benchmark/stage3c_2026-09-13/shim/shim_053_parsed.json
Qwen2.5-7B-Instruct Q4_K_M,Q4_K_M,99,32768,1,sustained,1792,probe,probe,3.559,0,False,1,1,True,True,True,71589,233,1,PASS,call_id:721b0454291249e3a1856a56d6b26b04,/home/aid1/Documents/2_19C_biology/results/benchmark/stage3c_2026-09-13/sustained_count1_run0026_trace.jsonl,/home/aid1/Documents/2_19C_biology/results/benchmark/stage3c_2026-09-13/shim/shim_055_parsed.json
Qwen2.5-7B-Instruct Q4_K_M,Q4_K_M,99,32768,1,sustained,1792,probe,probe,3.333,0,False,1,1,True,True,True,71589,233,1,PASS,call_id:7fa6c2436caa40d6816f569f586a8ff9,/home/aid1/Documents/2_19C_biology/results/benchmark/stage3c_2026-09-13/sustained_count1_run0027_trace.jsonl,/home/aid1/Documents/2_19C_biology/results/benchmark/stage3c_2026-09-13/shim/shim_057_parsed.json
Qwen2.5-7B-Instruct Q4_K_M,Q4_K_M,99,32768,1,sustained,1792,probe,probe,3.53,0,False,1,1,True,True,True,71589,233,1,PASS,call_id:0630bea70b06435f8d890501916ef0a6,/home/aid1/Documents/2_19C_biology/results/benchmark/stage3c_2026-09-13/sustained_count1_run0028_trace.jsonl,/home/aid1/Documents/2_19C_biology/results/benchmark/stage3c_2026-09-13/shim/shim_059_parsed.json
Qwen2.5-7B-Instruct Q4_K_M,Q4_K_M,99,32768,1,sustained,1792,probe,probe,3.289,0,False,1,1,True,True,True,71589,233,1,PASS,call_id:e5a6f6b01cf64e6bb5716b2c7f0ef453,/home/aid1/Documents/2_19C_biology/results/benchmark/stage3c_2026-09-13/sustained_count1_run0029_trace.jsonl,/home/aid1/Documents/2_19C_biology/results/benchmark/stage3c_2026-09-13/shim/shim_061_parsed.json
Qwen2.5-7B-Instruct Q4_K_M,Q4_K_M,99,32768,1,sustained,1792,probe,probe,3.391,0,False,1,1,True,True,True,71589,233,1,PASS,call_id:9268855b935b4cf9b108ea41fe88d56c,/home/aid1/Documents/2_19C_biology/results/benchmark/stage3c_2026-09-13/sustained_count1_run0030_trace.jsonl,/home/aid1/Documents/2_19C_biology/results/benchmark/stage3c_2026-09-13/shim/shim_063_parsed.json
Qwen2.5-7B-Instruct Q4_K_M,Q4_K_M,99,32768,1,sustained,1792,probe,probe,3.341,0,False,1,1,True,True,True,71589,233,1,PASS,call_id:a7d21f440da54e238bbc973aea837382,/home/aid1/Documents/2_19C_biology/results/benchmark/stage3c_2026-09-13/sustained_count1_run0031_trace.jsonl,/home/aid1/Documents/2_19C_biology/results/benchmark/stage3c_2026-09-13/shim/shim_065_parsed.json
Qwen2.5-7B-Instruct Q4_K_M,Q4_K_M,99,32768,1,sustained,1792,probe,probe,3.298,0,False,1,1,True,True,True,71589,233,1,PASS,call_id:e6387514986d44b98abbbd0b67ef4f13,/home/aid1/Documents/2_19C_biology/results/benchmark/stage3c_2026-09-13/sustained_count1_run0032_trace.jsonl,/home/aid1/Documents/2_19C_biology/results/benchmark/stage3c_2026-09-13/shim/shim_067_parsed.json
Qwen2.5-7B-Instruct Q4_K_M,Q4_K_M,99,32768,1,sustained,1792,probe,probe,3.262,0,False,1,1,True,True,True,71589,233,1,PASS,call_id:797f2c06ad194970ac1657909e158765,/home/aid1/Documents/2_19C_biology/results/benchmark/stage3c_2026-09-13/sustained_count1_run0033_trace.jsonl,/home/aid1/Documents/2_19C_biology/results/benchmark/stage3c_2026-09-13/shim/shim_069_parsed.json
Qwen2.5-7B-Instruct Q4_K_M,Q4_K_M,99,32768,1,sustained,1792,probe,probe,3.65,0,False,1,1,True,True,True,71589,233,1,PASS,call_id:77a11b2f94554611841902610d9d7403,/home/aid1/Documents/2_19C_biology/results/benchmark/stage3c_2026-09-13/sustained_count1_run0034_trace.jsonl,/home/aid1/Documents/2_19C_biology/results/benchmark/stage3c_2026-09-13/shim/shim_071_parsed.json
Qwen2.5-7B-Instruct Q4_K_M,Q4_K_M,99,32768,1,sustained,1792,probe,probe,3.762,0,False,1,1,True,True,True,71589,233,1,PASS,call_id:5f9e9dda7ae845e88accd2b00a84ea0d,/home/aid1/Documents/2_19C_biology/results/benchmark/stage3c_2026-09-13/sustained_count1_run0035_trace.jsonl,/home/aid1/Documents/2_19C_biology/results/benchmark/stage3c_2026-09-13/shim/shim_073_parsed.json
Qwen2.5-7B-Instruct Q4_K_M,Q4_K_M,99,32768,1,sustained,1792,probe,probe,3.694,0,False,1,1,True,True,True,71589,233,1,PASS,call_id:738fc03a59cb4e7b9c89c62e1a619a2e,/home/aid1/Documents/2_19C_biology/results/benchmark/stage3c_2026-09-13/sustained_count1_run0036_trace.jsonl,/home/aid1/Documents/2_19C_biology/results/benchmark/stage3c_2026-09-13/shim/shim_075_parsed.json
Qwen2.5-7B-Instruct Q4_K_M,Q4_K_M,99,32768,1,sustained,1792,probe,probe,3.738,0,False,1,1,True,True,True,71589,233,1,PASS,call_id:6ea03635880a4a7bbe14cb394cdb8a6b,/home/aid1/Documents/2_19C_biology/results/benchmark/stage3c_2026-09-13/sustained_count1_run0037_trace.jsonl,/home/aid1/Documents/2_19C_biology/results/benchmark/stage3c_2026-09-13/shim/shim_077_parsed.json
Qwen2.5-7B-Instruct Q4_K_M,Q4_K_M,99,32768,1,sustained,1792,probe,probe,3.406,0,False,1,1,True,True,True,71589,233,1,PASS,call_id:169d3151ddf942548eae60a428d748ef,/home/aid1/Documents/2_19C_biology/results/benchmark/stage3c_2026-09-13/sustained_count1_run0038_trace.jsonl,/home/aid1/Documents/2_19C_biology/results/benchmark/stage3c_2026-09-13/shim/shim_079_parsed.json
Qwen2.5-7B-Instruct Q4_K_M,Q4_K_M,99,32768,1,sustained,1792,probe,probe,4.102,0,False,1,1,True,True,True,71589,233,1,PASS,call_id:5f2260f1784040a28827d444603c0daf,/home/aid1/Documents/2_19C_biology/results/benchmark/stage3c_2026-09-13/sustained_count1_run0039_trace.jsonl,/home/aid1/Documents/2_19C_biology/results/benchmark/stage3c_2026-09-13/shim/shim_081_parsed.json
Qwen2.5-7B-Instruct Q4_K_M,Q4_K_M,99,32768,1,sustained,1792,probe,probe,3.302,0,False,1,1,True,True,True,71589,233,1,PASS,call_id:0b28e1ecefcc461fb2061d0fb8a7ee13,/home/aid1/Documents/2_19C_biology/results/benchmark/stage3c_2026-09-13/sustained_count1_run0040_trace.jsonl,/home/aid1/Documents/2_19C_biology/results/benchmark/stage3c_2026-09-13/shim/shim_083_parsed.json
Qwen2.5-7B-Instruct Q4_K_M,Q4_K_M,99,32768,1,sustained,1792,probe,probe,3.428,0,False,1,1,True,True,True,71589,233,1,PASS,call_id:b037994a9e1e46cba8cd998a6a56c031,/home/aid1/Documents/2_19C_biology/results/benchmark/stage3c_2026-09-13/sustained_count1_run0041_trace.jsonl,/home/aid1/Documents/2_19C_biology/results/benchmark/stage3c_2026-09-13/shim/shim_085_parsed.json
Qwen2.5-7B-Instruct Q4_K_M,Q4_K_M,99,32768,1,sustained,1792,probe,probe,3.47,0,False,1,1,True,True,True,71589,233,1,PASS,call_id:ee25f151c70e4ad1ab36e4fd7ccd3ad4,/home/aid1/Documents/2_19C_biology/results/benchmark/stage3c_2026-09-13/sustained_count1_run0042_trace.jsonl,/home/aid1/Documents/2_19C_biology/results/benchmark/stage3c_2026-09-13/shim/shim_087_parsed.json
Qwen2.5-7B-Instruct Q4_K_M,Q4_K_M,99,32768,1,sustained,1792,probe,probe,3.383,0,False,1,1,True,True,True,71589,233,1,PASS,call_id:6cbb7775c282441ab8a8128646bf4215,/home/aid1/Documents/2_19C_biology/results/benchmark/stage3c_2026-09-13/sustained_count1_run0043_trace.jsonl,/home/aid1/Documents/2_19C_biology/results/benchmark/stage3c_2026-09-13/shim/shim_089_parsed.json
Qwen2.5-7B-Instruct Q4_K_M,Q4_K_M,99,32768,1,sustained,1792,probe,probe,3.221,0,False,1,1,True,True,True,71589,233,1,PASS,call_id:1e1bc95b74fc42358ac085fbafd8f7c6,/home/aid1/Documents/2_19C_biology/results/benchmark/stage3c_2026-09-13/sustained_count1_run0044_trace.jsonl,/home/aid1/Documents/2_19C_biology/results/benchmark/stage3c_2026-09-13/shim/shim_091_parsed.json
Qwen2.5-7B-Instruct Q4_K_M,Q4_K_M,99,32768,1,sustained,1792,probe,probe,3.841,0,False,1,1,True,True,True,71589,233,1,PASS,call_id:dd25ef3925aa4f5c8a3ab1fc8cccecc8,/home/aid1/Documents/2_19C_biology/results/benchmark/stage3c_2026-09-13/sustained_count1_run0045_trace.jsonl,/home/aid1/Documents/2_19C_biology/results/benchmark/stage3c_2026-09-13/shim/shim_093_parsed.json
Qwen2.5-7B-Instruct Q4_K_M,Q4_K_M,99,32768,1,sustained,1792,probe,probe,3.313,0,False,1,1,True,True,True,71589,233,1,PASS,call_id:cc742d6de14f40bf92d4158286451e24,/home/aid1/Documents/2_19C_biology/results/benchmark/stage3c_2026-09-13/sustained_count1_run0046_trace.jsonl,/home/aid1/Documents/2_19C_biology/results/benchmark/stage3c_2026-09-13/shim/shim_095_parsed.json
Qwen2.5-7B-Instruct Q4_K_M,Q4_K_M,99,32768,1,sustained,1792,probe,probe,3.943,0,False,1,1,True,True,True,71589,233,1,PASS,call_id:689f403951b549c6861081328780e9eb,/home/aid1/Documents/2_19C_biology/results/benchmark/stage3c_2026-09-13/sustained_count1_run0047_trace.jsonl,/home/aid1/Documents/2_19C_biology/results/benchmark/stage3c_2026-09-13/shim/shim_097_parsed.json
Qwen2.5-7B-Instruct Q4_K_M,Q4_K_M,99,32768,1,sustained,1792,probe,probe,4.007,0,False,1,1,True,True,True,71589,233,1,PASS,call_id:566168be9436421287ea7f212cb073af,/home/aid1/Documents/2_19C_biology/results/benchmark/stage3c_2026-09-13/sustained_count1_run0048_trace.jsonl,/home/aid1/Documents/2_19C_biology/results/benchmark/stage3c_2026-09-13/shim/shim_099_parsed.json
Qwen2.5-7B-Instruct Q4_K_M,Q4_K_M,99,32768,1,sustained,1792,probe,probe,3.488,0,False,1,1,True,True,True,71589,233,1,PASS,call_id:a523d40e7ded44ecaaf6ce4735d59f03,/home/aid1/Documents/2_19C_biology/results/benchmark/stage3c_2026-09-13/sustained_count1_run0049_trace.jsonl,/home/aid1/Documents/2_19C_biology/results/benchmark/stage3c_2026-09-13/shim/shim_101_parsed.json
Qwen2.5-7B-Instruct Q4_K_M,Q4_K_M,99,32768,1,sustained,1792,probe,probe,3.427,0,False,1,1,True,True,True,71589,233,1,PASS,call_id:f6b53a4ed5604c06a3cfcc4e4530f392,/home/aid1/Documents/2_19C_biology/results/benchmark/stage3c_2026-09-13/sustained_count1_run0050_trace.jsonl,/home/aid1/Documents/2_19C_biology/results/benchmark/stage3c_2026-09-13/shim/shim_103_parsed.json
Qwen2.5-7B-Instruct Q4_K_M,Q4_K_M,99,32768,1,sustained,1792,probe,probe,3.859,0,False,1,1,True,True,True,71589,233,1,PASS,call_id:79b8bd2c13ef406ca554bcd21bc22cae,/home/aid1/Documents/2_19C_biology/results/benchmark/stage3c_2026-09-13/sustained_count1_run0051_trace.jsonl,/home/aid1/Documents/2_19C_biology/results/benchmark/stage3c_2026-09-13/shim/shim_105_parsed.json
Qwen2.5-7B-Instruct Q4_K_M,Q4_K_M,99,32768,1,sustained,1792,probe,probe,3.609,0,False,1,1,True,True,True,71589,233,1,PASS,call_id:2138ea2ae318490e855291662f85daea,/home/aid1/Documents/2_19C_biology/results/benchmark/stage3c_2026-09-13/sustained_count1_run0052_trace.jsonl,/home/aid1/Documents/2_19C_biology/results/benchmark/stage3c_2026-09-13/shim/shim_107_parsed.json
Qwen2.5-7B-Instruct Q4_K_M,Q4_K_M,99,32768,1,sustained,1792,probe,probe,3.412,0,False,1,1,True,True,True,71574,233,1,PASS,call_id:bf5c36f3ee5742dc9e5beabc4c80a915,/home/aid1/Documents/2_19C_biology/results/benchmark/stage3c_2026-09-13/sustained_count1_run0053_trace.jsonl,/home/aid1/Documents/2_19C_biology/results/benchmark/stage3c_2026-09-13/shim/shim_109_parsed.json
Qwen2.5-7B-Instruct Q4_K_M,Q4_K_M,99,32768,1,sustained,1792,probe,probe,3.297,0,False,1,1,True,True,True,71589,233,1,PASS,call_id:90b7acced66f4554b9fab13aa851715b,/home/aid1/Documents/2_19C_biology/results/benchmark/stage3c_2026-09-13/sustained_count1_run0054_trace.jsonl,/home/aid1/Documents/2_19C_biology/results/benchmark/stage3c_2026-09-13/shim/shim_111_parsed.json
Qwen2.5-7B-Instruct Q4_K_M,Q4_K_M,99,32768,1,sustained,1792,probe,probe,3.316,0,False,1,1,True,True,True,71589,233,1,PASS,call_id:351ffd67b1b148f588b8d7b8bf1590e7,/home/aid1/Documents/2_19C_biology/results/benchmark/stage3c_2026-09-13/sustained_count1_run0055_trace.jsonl,/home/aid1/Documents/2_19C_biology/results/benchmark/stage3c_2026-09-13/shim/shim_113_parsed.json
Qwen2.5-7B-Instruct Q4_K_M,Q4_K_M,99,32768,1,sustained,1792,probe,probe,3.812,0,False,1,1,True,True,True,71589,233,1,PASS,call_id:ba4e4d9a834b42d689d9caa864acb30c,/home/aid1/Documents/2_19C_biology/results/benchmark/stage3c_2026-09-13/sustained_count1_run0056_trace.jsonl,/home/aid1/Documents/2_19C_biology/results/benchmark/stage3c_2026-09-13/shim/shim_115_parsed.json
Qwen2.5-7B-Instruct Q4_K_M,Q4_K_M,99,32768,1,sustained,1792,probe,probe,3.969,0,False,1,1,True,True,True,71589,233,1,PASS,call_id:24b4dd46ea0740689d406b385e03b290,/home/aid1/Documents/2_19C_biology/results/benchmark/stage3c_2026-09-13/sustained_count1_run0057_trace.jsonl,/home/aid1/Documents/2_19C_biology/results/benchmark/stage3c_2026-09-13/shim/shim_117_parsed.json
Qwen2.5-7B-Instruct Q4_K_M,Q4_K_M,99,32768,1,sustained,1792,probe,probe,3.401,0,False,1,1,True,True,True,71589,233,1,PASS,call_id:b83db511218b4be2a144e8570feeeefb,/home/aid1/Documents/2_19C_biology/results/benchmark/stage3c_2026-09-13/sustained_count1_run0058_trace.jsonl,/home/aid1/Documents/2_19C_biology/results/benchmark/stage3c_2026-09-13/shim/shim_119_parsed.json
Qwen2.5-7B-Instruct Q4_K_M,Q4_K_M,99,32768,1,sustained,1792,probe,probe,3.335,0,False,1,1,True,True,True,71589,233,1,PASS,call_id:0ac2601f6b10420fa43ded32ecccfd78,/home/aid1/Documents/2_19C_biology/results/benchmark/stage3c_2026-09-13/sustained_count1_run0059_trace.jsonl,/home/aid1/Documents/2_19C_biology/results/benchmark/stage3c_2026-09-13/shim/shim_121_parsed.json
Qwen2.5-7B-Instruct Q4_K_M,Q4_K_M,99,32768,1,sustained,1792,probe,probe,3.593,0,False,1,1,True,True,True,71589,233,1,PASS,call_id:8d5bf68278e74fafba7dea3393af7175,/home/aid1/Documents/2_19C_biology/results/benchmark/stage3c_2026-09-13/sustained_count1_run0060_trace.jsonl,/home/aid1/Documents/2_19C_biology/results/benchmark/stage3c_2026-09-13/shim/shim_123_parsed.json
Qwen2.5-7B-Instruct Q4_K_M,Q4_K_M,99,32768,1,sustained,1792,probe,probe,4.853,0,False,1,1,True,True,True,71589,233,1,PASS,call_id:50c35b4fb67a479fa9ffec87e4ea7223,/home/aid1/Documents/2_19C_biology/results/benchmark/stage3c_2026-09-13/sustained_count1_run0061_trace.jsonl,/home/aid1/Documents/2_19C_biology/results/benchmark/stage3c_2026-09-13/shim/shim_125_parsed.json
Qwen2.5-7B-Instruct Q4_K_M,Q4_K_M,99,32768,1,sustained,1792,probe,probe,3.384,0,False,1,1,True,True,True,71589,233,1,PASS,call_id:a38a6e6f06cd44f2a6ea12d98367354c,/home/aid1/Documents/2_19C_biology/results/benchmark/stage3c_2026-09-13/sustained_count1_run0062_trace.jsonl,/home/aid1/Documents/2_19C_biology/results/benchmark/stage3c_2026-09-13/shim/shim_127_parsed.json
Qwen2.5-7B-Instruct Q4_K_M,Q4_K_M,99,32768,1,sustained,1792,probe,probe,3.563,0,False,1,1,True,True,True,71589,233,1,PASS,call_id:3689d2550e404487a8c7ead89b5d077d,/home/aid1/Documents/2_19C_biology/results/benchmark/stage3c_2026-09-13/sustained_count1_run0063_trace.jsonl,/home/aid1/Documents/2_19C_biology/results/benchmark/stage3c_2026-09-13/shim/shim_129_parsed.json
Qwen2.5-7B-Instruct Q4_K_M,Q4_K_M,99,32768,1,sustained,1792,probe,probe,3.365,0,False,1,1,True,True,True,71589,233,1,PASS,call_id:d3132445b2f34e69806313561d95603b,/home/aid1/Documents/2_19C_biology/results/benchmark/stage3c_2026-09-13/sustained_count1_run0064_trace.jsonl,/home/aid1/Documents/2_19C_biology/results/benchmark/stage3c_2026-09-13/shim/shim_131_parsed.json
Qwen2.5-7B-Instruct Q4_K_M,Q4_K_M,99,32768,1,sustained,1792,probe,probe,3.622,0,False,1,1,True,True,True,71589,233,1,PASS,call_id:1095ed62039a4351aa6f6a7e07fc4a24,/home/aid1/Documents/2_19C_biology/results/benchmark/stage3c_2026-09-13/sustained_count1_run0065_trace.jsonl,/home/aid1/Documents/2_19C_biology/results/benchmark/stage3c_2026-09-13/shim/shim_133_parsed.json
Qwen2.5-7B-Instruct Q4_K_M,Q4_K_M,99,32768,1,sustained,1792,probe,probe,3.498,0,False,1,1,True,True,True,71589,233,1,PASS,call_id:3397608a247a442092e82a40809a4ec5,/home/aid1/Documents/2_19C_biology/results/benchmark/stage3c_2026-09-13/sustained_count1_run0066_trace.jsonl,/home/aid1/Documents/2_19C_biology/results/benchmark/stage3c_2026-09-13/shim/shim_135_parsed.json
Qwen2.5-7B-Instruct Q4_K_M,Q4_K_M,99,32768,1,sustained,1792,probe,probe,3.75,0,False,1,1,True,True,True,71589,233,1,PASS,call_id:e13fcd303c6744f3aa7b1028694b4cd6,/home/aid1/Documents/2_19C_biology/results/benchmark/stage3c_2026-09-13/sustained_count1_run0067_trace.jsonl,/home/aid1/Documents/2_19C_biology/results/benchmark/stage3c_2026-09-13/shim/shim_137_parsed.json
Qwen2.5-7B-Instruct Q4_K_M,Q4_K_M,99,32768,1,sustained,1792,probe,probe,3.324,0,False,1,1,True,True,True,71589,233,1,PASS,call_id:4ca3dad62d3046388d2e2d9ae4fc053c,/home/aid1/Documents/2_19C_biology/results/benchmark/stage3c_2026-09-13/sustained_count1_run0068_trace.jsonl,/home/aid1/Documents/2_19C_biology/results/benchmark/stage3c_2026-09-13/shim/shim_139_parsed.json
Qwen2.5-7B-Instruct Q4_K_M,Q4_K_M,99,32768,1,sustained,1792,probe,probe,3.365,0,False,1,1,True,True,True,71589,233,1,PASS,call_id:c999bdd94f814a9e95e13d382a53f02c,/home/aid1/Documents/2_19C_biology/results/benchmark/stage3c_2026-09-13/sustained_count1_run0069_trace.jsonl,/home/aid1/Documents/2_19C_biology/results/benchmark/stage3c_2026-09-13/shim/shim_141_parsed.json
Qwen2.5-7B-Instruct Q4_K_M,Q4_K_M,99,32768,1,sustained,1792,probe,probe,3.187,0,False,1,1,True,True,True,71589,233,1,PASS,call_id:e9c1057e4af44e45add872f751213395,/home/aid1/Documents/2_19C_biology/results/benchmark/stage3c_2026-09-13/sustained_count1_run0070_trace.jsonl,/home/aid1/Documents/2_19C_biology/results/benchmark/stage3c_2026-09-13/shim/shim_143_parsed.json
Qwen2.5-7B-Instruct Q4_K_M,Q4_K_M,99,32768,1,sustained,1792,probe,probe,3.569,0,False,1,1,True,True,True,71589,233,1,PASS,call_id:e3771425fb40472ab5a39d80a581a33b,/home/aid1/Documents/2_19C_biology/results/benchmark/stage3c_2026-09-13/sustained_count1_run0071_trace.jsonl,/home/aid1/Documents/2_19C_biology/results/benchmark/stage3c_2026-09-13/shim/shim_145_parsed.json
Qwen2.5-7B-Instruct Q4_K_M,Q4_K_M,99,32768,1,sustained,1792,probe,probe,3.464,0,False,1,1,True,True,True,71589,233,1,PASS,call_id:aa279450a3e5403aa7b5c935452f0c5a,/home/aid1/Documents/2_19C_biology/results/benchmark/stage3c_2026-09-13/sustained_count1_run0072_trace.jsonl,/home/aid1/Documents/2_19C_biology/results/benchmark/stage3c_2026-09-13/shim/shim_147_parsed.json
Qwen2.5-7B-Instruct Q4_K_M,Q4_K_M,99,32768,1,sustained,1792,probe,probe,3.367,0,False,1,1,True,True,True,71589,233,1,PASS,call_id:d02631708e86455cb76038b0ac021695,/home/aid1/Documents/2_19C_biology/results/benchmark/stage3c_2026-09-13/sustained_count1_run0073_trace.jsonl,/home/aid1/Documents/2_19C_biology/results/benchmark/stage3c_2026-09-13/shim/shim_149_parsed.json
Qwen2.5-7B-Instruct Q4_K_M,Q4_K_M,99,32768,1,sustained,1792,probe,probe,4.116,0,False,1,1,True,True,True,71589,233,1,PASS,call_id:1974e8a19ab24612abef65730b30257e,/home/aid1/Documents/2_19C_biology/results/benchmark/stage3c_2026-09-13/sustained_count1_run0074_trace.jsonl,/home/aid1/Documents/2_19C_biology/results/benchmark/stage3c_2026-09-13/shim/shim_151_parsed.json
Qwen2.5-7B-Instruct Q4_K_M,Q4_K_M,99,32768,1,sustained,1792,probe,probe,3.466,0,False,1,1,True,True,True,71589,233,1,PASS,call_id:2671190a7f5e4680bc79842bc017d9e3,/home/aid1/Documents/2_19C_biology/results/benchmark/stage3c_2026-09-13/sustained_count1_run0075_trace.jsonl,/home/aid1/Documents/2_19C_biology/results/benchmark/stage3c_2026-09-13/shim/shim_153_parsed.json
Qwen2.5-7B-Instruct Q4_K_M,Q4_K_M,99,32768,1,sustained,1792,probe,probe,3.487,0,False,1,1,True,True,True,71589,233,1,PASS,call_id:6621194152c14577ac5bf753c495a214,/home/aid1/Documents/2_19C_biology/results/benchmark/stage3c_2026-09-13/sustained_count1_run0076_trace.jsonl,/home/aid1/Documents/2_19C_biology/results/benchmark/stage3c_2026-09-13/shim/shim_155_parsed.json
Qwen2.5-7B-Instruct Q4_K_M,Q4_K_M,99,32768,1,sustained,1792,probe,probe,3.681,0,False,1,1,True,True,True,71589,233,1,PASS,call_id:7bde3d84af944079b3cf8d7961c66bb3,/home/aid1/Documents/2_19C_biology/results/benchmark/stage3c_2026-09-13/sustained_count1_run0077_trace.jsonl,/home/aid1/Documents/2_19C_biology/results/benchmark/stage3c_2026-09-13/shim/shim_157_parsed.json
Qwen2.5-7B-Instruct Q4_K_M,Q4_K_M,99,32768,1,sustained,1792,probe,probe,3.357,0,False,1,1,True,True,True,71589,233,1,PASS,call_id:2dbf8708ce644409a8e40337b63318cd,/home/aid1/Documents/2_19C_biology/results/benchmark/stage3c_2026-09-13/sustained_count1_run0078_trace.jsonl,/home/aid1/Documents/2_19C_biology/results/benchmark/stage3c_2026-09-13/shim/shim_159_parsed.json
Qwen2.5-7B-Instruct Q4_K_M,Q4_K_M,99,32768,1,sustained,1792,probe,probe,3.882,0,False,1,1,True,True,True,71589,233,1,PASS,call_id:61f62ccb5ab04bfab60196191ee32288,/home/aid1/Documents/2_19C_biology/results/benchmark/stage3c_2026-09-13/sustained_count1_run0079_trace.jsonl,/home/aid1/Documents/2_19C_biology/results/benchmark/stage3c_2026-09-13/shim/shim_161_parsed.json
Qwen2.5-7B-Instruct Q4_K_M,Q4_K_M,99,32768,1,sustained,1792,probe,probe,3.277,0,False,1,1,True,True,True,71589,233,1,PASS,call_id:74e4bf9881484ca18d3d16ee223ed802,/home/aid1/Documents/2_19C_biology/results/benchmark/stage3c_2026-09-13/sustained_count1_run0080_trace.jsonl,/home/aid1/Documents/2_19C_biology/results/benchmark/stage3c_2026-09-13/shim/shim_163_parsed.json
Qwen2.5-7B-Instruct Q4_K_M,Q4_K_M,99,32768,1,sustained,1792,probe,probe,3.964,0,False,1,1,True,True,True,71589,233,1,PASS,call_id:af9bab4cde9b48b584aeb4191ae8cfbf,/home/aid1/Documents/2_19C_biology/results/benchmark/stage3c_2026-09-13/sustained_count1_run0081_trace.jsonl,/home/aid1/Documents/2_19C_biology/results/benchmark/stage3c_2026-09-13/shim/shim_165_parsed.json
Qwen2.5-7B-Instruct Q4_K_M,Q4_K_M,99,32768,1,sustained,1792,probe,probe,5.864,0,False,1,1,True,True,True,71589,233,1,PASS,call_id:0b23890943064530ad07a08ad7248eb3,/home/aid1/Documents/2_19C_biology/results/benchmark/stage3c_2026-09-13/sustained_count1_run0082_trace.jsonl,/home/aid1/Documents/2_19C_biology/results/benchmark/stage3c_2026-09-13/shim/shim_167_parsed.json
Qwen2.5-7B-Instruct Q4_K_M,Q4_K_M,99,32768,1,sustained,1792,probe,probe,3.424,0,False,1,1,True,True,True,71589,233,1,PASS,call_id:0b0894988b394c4aa93ac50e4ec4b327,/home/aid1/Documents/2_19C_biology/results/benchmark/stage3c_2026-09-13/sustained_count1_run0083_trace.jsonl,/home/aid1/Documents/2_19C_biology/results/benchmark/stage3c_2026-09-13/shim/shim_169_parsed.json
Qwen2.5-7B-Instruct Q4_K_M,Q4_K_M,99,32768,1,sustained,1792,probe,probe,4.007,0,False,1,1,True,True,True,71589,233,1,PASS,call_id:52f641cb6e7747b0a28c8e5f48fcdc17,/home/aid1/Documents/2_19C_biology/results/benchmark/stage3c_2026-09-13/sustained_count1_run0084_trace.jsonl,/home/aid1/Documents/2_19C_biology/results/benchmark/stage3c_2026-09-13/shim/shim_171_parsed.json
Qwen2.5-7B-Instruct Q4_K_M,Q4_K_M,99,32768,1,sustained,1792,probe,probe,3.801,0,False,1,1,True,True,True,71589,233,1,PASS,call_id:f0552bfcd7eb44afb1a3ed04dd78fd66,/home/aid1/Documents/2_19C_biology/results/benchmark/stage3c_2026-09-13/sustained_count1_run0085_trace.jsonl,/home/aid1/Documents/2_19C_biology/results/benchmark/stage3c_2026-09-13/shim/shim_173_parsed.json
Qwen2.5-7B-Instruct Q4_K_M,Q4_K_M,99,32768,1,sustained,1792,probe,probe,3.491,0,False,1,1,True,True,True,71589,233,1,PASS,call_id:5c413da426494eb5b360881bae7e5ffd,/home/aid1/Documents/2_19C_biology/results/benchmark/stage3c_2026-09-13/sustained_count1_run0086_trace.jsonl,/home/aid1/Documents/2_19C_biology/results/benchmark/stage3c_2026-09-13/shim/shim_175_parsed.json
Qwen2.5-7B-Instruct Q4_K_M,Q4_K_M,99,32768,1,sustained,1792,probe,probe,3.411,0,False,1,1,True,True,True,71589,233,1,PASS,call_id:fdf6684dbb2444a6856edda5837dc567,/home/aid1/Documents/2_19C_biology/results/benchmark/stage3c_2026-09-13/sustained_count1_run0087_trace.jsonl,/home/aid1/Documents/2_19C_biology/results/benchmark/stage3c_2026-09-13/shim/shim_177_parsed.json
Qwen2.5-7B-Instruct Q4_K_M,Q4_K_M,99,32768,1,sustained,1792,probe,probe,4.115,0,False,1,1,True,True,True,71589,233,1,PASS,call_id:a69f5c706eed4600a4905dc42b615959,/home/aid1/Documents/2_19C_biology/results/benchmark/stage3c_2026-09-13/sustained_count1_run0088_trace.jsonl,/home/aid1/Documents/2_19C_biology/results/benchmark/stage3c_2026-09-13/shim/shim_179_parsed.json
Qwen2.5-7B-Instruct Q4_K_M,Q4_K_M,99,32768,1,sustained,1792,probe,probe,4.202,0,False,1,1,True,True,True,71589,233,1,PASS,call_id:5695b7b8160640f48b12bb86cd419b85,/home/aid1/Documents/2_19C_biology/results/benchmark/stage3c_2026-09-13/sustained_count1_run0089_trace.jsonl,/home/aid1/Documents/2_19C_biology/results/benchmark/stage3c_2026-09-13/shim/shim_181_parsed.json
Qwen2.5-7B-Instruct Q4_K_M,Q4_K_M,99,32768,1,sustained,1792,probe,probe,3.634,0,False,1,1,True,True,True,71589,233,1,PASS,call_id:fda44184eafb4342ba7aa142e96ef9da,/home/aid1/Documents/2_19C_biology/results/benchmark/stage3c_2026-09-13/sustained_count1_run0090_trace.jsonl,/home/aid1/Documents/2_19C_biology/results/benchmark/stage3c_2026-09-13/shim/shim_183_parsed.json
Qwen2.5-7B-Instruct Q4_K_M,Q4_K_M,99,32768,1,sustained,1792,probe,probe,3.488,0,False,1,1,True,True,True,71589,233,1,PASS,call_id:8424ea17bb6f48c0adf625f783ae3444,/home/aid1/Documents/2_19C_biology/results/benchmark/stage3c_2026-09-13/sustained_count1_run0091_trace.jsonl,/home/aid1/Documents/2_19C_biology/results/benchmark/stage3c_2026-09-13/shim/shim_185_parsed.json
Qwen2.5-7B-Instruct Q4_K_M,Q4_K_M,99,32768,1,sustained,1792,probe,probe,3.282,0,False,1,1,True,True,True,71589,233,1,PASS,call_id:130da89592364cd4ae3f74fc57ad5d98,/home/aid1/Documents/2_19C_biology/results/benchmark/stage3c_2026-09-13/sustained_count1_run0092_trace.jsonl,/home/aid1/Documents/2_19C_biology/results/benchmark/stage3c_2026-09-13/shim/shim_187_parsed.json
Qwen2.5-7B-Instruct Q4_K_M,Q4_K_M,99,32768,1,sustained,1792,probe,probe,3.961,0,False,1,1,True,True,True,71589,233,1,PASS,call_id:724c61a9479e4fc39a8869359611829f,/home/aid1/Documents/2_19C_biology/results/benchmark/stage3c_2026-09-13/sustained_count1_run0093_trace.jsonl,/home/aid1/Documents/2_19C_biology/results/benchmark/stage3c_2026-09-13/shim/shim_189_parsed.json
Qwen2.5-7B-Instruct Q4_K_M,Q4_K_M,99,32768,1,sustained,1792,probe,probe,3.258,0,False,1,1,True,True,True,71589,233,1,PASS,call_id:4c4e8489d9924e4a878c25aee122207c,/home/aid1/Documents/2_19C_biology/results/benchmark/stage3c_2026-09-13/sustained_count1_run0094_trace.jsonl,/home/aid1/Documents/2_19C_biology/results/benchmark/stage3c_2026-09-13/shim/shim_191_parsed.json
Qwen2.5-7B-Instruct Q4_K_M,Q4_K_M,99,32768,1,sustained,1792,probe,probe,3.658,0,False,1,1,True,True,True,71589,233,1,PASS,call_id:820b7125d05c4f4996d409584ffa8ee9,/home/aid1/Documents/2_19C_biology/results/benchmark/stage3c_2026-09-13/sustained_count1_run0095_trace.jsonl,/home/aid1/Documents/2_19C_biology/results/benchmark/stage3c_2026-09-13/shim/shim_193_parsed.json
Qwen2.5-7B-Instruct Q4_K_M,Q4_K_M,99,32768,1,sustained,1792,probe,probe,4.095,0,False,1,1,True,True,True,71589,233,1,PASS,call_id:3dac9a21840b4c54924534c33f53c025,/home/aid1/Documents/2_19C_biology/results/benchmark/stage3c_2026-09-13/sustained_count1_run0096_trace.jsonl,/home/aid1/Documents/2_19C_biology/results/benchmark/stage3c_2026-09-13/shim/shim_195_parsed.json
Qwen2.5-7B-Instruct Q4_K_M,Q4_K_M,99,32768,1,sustained,1792,probe,probe,3.629,0,False,1,1,True,True,True,71589,233,1,PASS,call_id:39b4d19eb3074010965f4561596479cb,/home/aid1/Documents/2_19C_biology/results/benchmark/stage3c_2026-09-13/sustained_count1_run0097_trace.jsonl,/home/aid1/Documents/2_19C_biology/results/benchmark/stage3c_2026-09-13/shim/shim_197_parsed.json
Qwen2.5-7B-Instruct Q4_K_M,Q4_K_M,99,32768,1,sustained,1792,probe,probe,4.211,0,False,1,1,True,True,True,71589,233,1,PASS,call_id:51d79a9afd244a38b178b2927e7693b5,/home/aid1/Documents/2_19C_biology/results/benchmark/stage3c_2026-09-13/sustained_count1_run0098_trace.jsonl,/home/aid1/Documents/2_19C_biology/results/benchmark/stage3c_2026-09-13/shim/shim_199_parsed.json
Qwen2.5-7B-Instruct Q4_K_M,Q4_K_M,99,32768,1,sustained,1792,probe,probe,3.579,0,False,1,1,True,True,True,71589,233,1,PASS,call_id:8fd399b031e04c40be8b57878930f213,/home/aid1/Documents/2_19C_biology/results/benchmark/stage3c_2026-09-13/sustained_count1_run0099_trace.jsonl,/home/aid1/Documents/2_19C_biology/results/benchmark/stage3c_2026-09-13/shim/shim_201_parsed.json
Qwen2.5-7B-Instruct Q4_K_M,Q4_K_M,99,32768,1,sustained,1792,probe,probe,3.212,0,False,1,1,True,True,True,71589,233,1,PASS,call_id:9117a4e84e7e4be5a5bb1feb5ac9eeb6,/home/aid1/Documents/2_19C_biology/results/benchmark/stage3c_2026-09-13/sustained_count1_run0100_trace.jsonl,/home/aid1/Documents/2_19C_biology/results/benchmark/stage3c_2026-09-13/shim/shim_203_parsed.json
Qwen2.5-7B-Instruct Q4_K_M,Q4_K_M,99,32768,1,sustained,1792,probe,probe,5.689,0,False,1,1,True,True,True,71589,233,1,PASS,call_id:8f729482992c4b1ba424f4768339d3b3,/home/aid1/Documents/2_19C_biology/results/benchmark/stage3c_2026-09-13/sustained_count1_run0101_trace.jsonl,/home/aid1/Documents/2_19C_biology/results/benchmark/stage3c_2026-09-13/shim/shim_205_parsed.json
Qwen2.5-7B-Instruct Q4_K_M,Q4_K_M,99,32768,1,sustained,1792,probe,probe,3.867,0,False,1,1,True,True,True,71589,233,1,PASS,call_id:58e0c6824a8e4f8c8ba39be03e03bed9,/home/aid1/Documents/2_19C_biology/results/benchmark/stage3c_2026-09-13/sustained_count1_run0102_trace.jsonl,/home/aid1/Documents/2_19C_biology/results/benchmark/stage3c_2026-09-13/shim/shim_207_parsed.json
Qwen2.5-7B-Instruct Q4_K_M,Q4_K_M,99,32768,1,sustained,1792,probe,probe,3.425,0,False,1,1,True,True,True,71589,233,1,PASS,call_id:c2d7b02065c14b0688a75bd30a42e537,/home/aid1/Documents/2_19C_biology/results/benchmark/stage3c_2026-09-13/sustained_count1_run0103_trace.jsonl,/home/aid1/Documents/2_19C_biology/results/benchmark/stage3c_2026-09-13/shim/shim_209_parsed.json
Qwen2.5-7B-Instruct Q4_K_M,Q4_K_M,99,32768,1,sustained,1792,probe,probe,3.611,0,False,1,1,True,True,True,71589,233,1,PASS,call_id:892a91f349bb45a9a839782c56e02ab2,/home/aid1/Documents/2_19C_biology/results/benchmark/stage3c_2026-09-13/sustained_count1_run0104_trace.jsonl,/home/aid1/Documents/2_19C_biology/results/benchmark/stage3c_2026-09-13/shim/shim_211_parsed.json
Qwen2.5-7B-Instruct Q4_K_M,Q4_K_M,99,32768,1,sustained,1792,probe,probe,1.555,-15,True,1,1,False,False,True,71589,233,1,UNDEMONSTRATED,call_id:2ed2c4b7a509493d9a1dec16ee30aa39,/home/aid1/Documents/2_19C_biology/results/benchmark/stage3c_2026-09-13/sustained_count1_run0105_trace.jsonl,/home/aid1/Documents/2_19C_biology/results/benchmark/stage3c_2026-09-13/shim/shim_213_parsed.json
