assay_id,mutant,score
AACC1_PSEAI_Dandage_2018,G52L,0.41414141414141414
AACC1_PSEAI_Dandage_2018,L79P,0.13804713804713806
AACC1_PSEAI_Dandage_2018,S58P,0.6195286195286195
AACC1_PSEAI_Dandage_2018,Y157R,0.06734006734006734
AACC1_PSEAI_Dandage_2018,S104H,0.7895622895622895
AACC1_PSEAI_Dandage_2018,N128G,0.7306397306397306
AACC1_PSEAI_Dandage_2018,I106V,0.8518518518518517
AACC1_PSEAI_Dandage_2018,F51S,0.42424242424242425
AACC1_PSEAI_Dandage_2018,V37D,0.41077441077441074
AACC1_PSEAI_Dandage_2018,A55G,0.8518518518518517
AACC1_PSEAI_Dandage_2018,G149H,0.41750841750841755
AACC1_PSEAI_Dandage_2018,G115C,0.4579124579124579
AACC1_PSEAI_Dandage_2018,Q59R,0.9292929292929294
AACC1_PSEAI_Dandage_2018,E116T,0.7575757575757577
AACC1_PSEAI_Dandage_2018,Q101R,0.9057239057239057
AACC1_PSEAI_Dandage_2018,A78P,0.38720538720538716
AACC1_PSEAI_Dandage_2018,V37I,0.8181818181818182
AACC1_PSEAI_Dandage_2018,E133D,0.6397306397306397
AACC1_PSEAI_Dandage_2018,Q120H,0.7306397306397306
AACC1_PSEAI_Dandage_2018,L70F,0.6565656565656566
AACC1_PSEAI_Dandage_2018,K38S,0.9696969696969697
AACC1_PSEAI_Dandage_2018,G121Y,0.08754208754208755
AACC1_PSEAI_Dandage_2018,H117R,0.7777777777777778
AACC1_PSEAI_Dandage_2018,A112Q,0.2962962962962963
AACC1_PSEAI_Dandage_2018,T124N,0.5353535353535354
AACC1_PSEAI_Dandage_2018,T75D,0.9326599326599326
AACC1_PSEAI_Dandage_2018,R41W,0.44949494949494945
AACC1_PSEAI_Dandage_2018,S114I,0.41414141414141414
AACC1_PSEAI_Dandage_2018,A134F,0.16498316498316498
AACC1_PSEAI_Dandage_2018,V113N,0.03367003367003367
AACC1_PSEAI_Dandage_2018,A125F,0.3367003367003367
AACC1_PSEAI_Dandage_2018,N128C,0.34006734006734
AACC1_PSEAI_Dandage_2018,N135F,0.7070707070707071
AACC1_PSEAI_Dandage_2018,L32H,0.1818181818181818
AACC1_PSEAI_Dandage_2018,G149T,0.468013468013468
AACC1_PSEAI_Dandage_2018,L130N,0.10101010101010101
AACC1_PSEAI_Dandage_2018,L137P,0.13804713804713806
AACC1_PSEAI_Dandage_2018,Y143H,0.7138047138047138
AACC1_PSEAI_Dandage_2018,L126T,0.19023569023569023
AACC1_PSEAI_Dandage_2018,G161Q,0.11447811447811447
AACC1_PSEAI_Dandage_2018,D150S,0.6767676767676768
AACC1_PSEAI_Dandage_2018,V141P,0.21212121212121213
AACC1_PSEAI_Dandage_2018,A80L,0.6060606060606061
AACC1_PSEAI_Dandage_2018,Y143K,0.3383838383838384
AACC1_PSEAI_Dandage_2018,R28S,0.8013468013468014
AACC1_PSEAI_Dandage_2018,L70S,0.43097643097643096
AACC1_PSEAI_Dandage_2018,D45W,0.393939393939394
AACC1_PSEAI_Dandage_2018,G121M,0.11447811447811447
AACC1_PSEAI_Dandage_2018,I142Y,0.21212121212121213
AACC1_PSEAI_Dandage_2018,L111M,0.6228956228956228
AACC1_PSEAI_Dandage_2018,R49C,0.4612794612794613
AACC1_PSEAI_Dandage_2018,D65G,0.67003367003367
AACC1_PSEAI_Dandage_2018,Q36R,0.7457912457912458
AACC1_PSEAI_Dandage_2018,E133G,0.28114478114478114
AACC1_PSEAI_Dandage_2018,D150Y,0.3383838383838384
AACC1_PSEAI_Dandage_2018,G149Y,0.2558922558922559
AACC1_PSEAI_Dandage_2018,D151W,0.2558922558922559
AACC1_PSEAI_Dandage_2018,A146K,0.15151515151515152
AACC1_PSEAI_Dandage_2018,L46I,0.6262626262626263
AACC1_PSEAI_Dandage_2018,V95I,0.8249158249158249
AACC1_PSEAI_Dandage_2018,Y157H,0.3771043771043771
AACC1_PSEAI_Dandage_2018,S39Y,0.7542087542087542
AACC1_PSEAI_Dandage_2018,L44H,0.4090909090909091
AACC1_PSEAI_Dandage_2018,Y148D,0.7037037037037037
AACC1_PSEAI_Dandage_2018,D151H,0.6734006734006734
AACC1_PSEAI_Dandage_2018,R163V,0.5622895622895623
AACC1_PSEAI_Dandage_2018,A134P,0.12626262626262627
AACC1_PSEAI_Dandage_2018,V88R,0.27946127946127947
AACC1_PSEAI_Dandage_2018,G149S,0.6094276094276094
AACC1_PSEAI_Dandage_2018,R41G,0.5084175084175083
AACC1_PSEAI_Dandage_2018,D35E,0.9191919191919192
AACC1_PSEAI_Dandage_2018,D147S,0.6936026936026937
AACC1_PSEAI_Dandage_2018,G149E,0.5202020202020202
AACC1_PSEAI_Dandage_2018,V37E,0.6397306397306397
AACC1_PSEAI_Dandage_2018,T124E,0.6565656565656566
AACC1_PSEAI_Dandage_2018,Y157P,0.006734006734006735
AACC1_PSEAI_Dandage_2018,Y157I,0.14646464646464646
AACC1_PSEAI_Dandage_2018,T29S,0.6212121212121212
AACC1_PSEAI_Dandage_2018,A139Y,0.2895622895622896
AACC1_PSEAI_Dandage_2018,Q120D,0.5016835016835016
AACC1_PSEAI_Dandage_2018,R163M,0.5303030303030303
AACC1_PSEAI_Dandage_2018,R72S,0.8855218855218855
AACC1_PSEAI_Dandage_2018,T124G,0.6127946127946128
AACC1_PSEAI_Dandage_2018,A139H,0.21043771043771042
AACC1_PSEAI_Dandage_2018,E50A,0.7239057239057239
AACC1_PSEAI_Dandage_2018,L137I,0.6599326599326599
AACC1_PSEAI_Dandage_2018,A134L,0.30303030303030304
AACC1_PSEAI_Dandage_2018,A43R,0.40404040404040403
AACC1_PSEAI_Dandage_2018,V141S,0.5757575757575758
AACC1_PSEAI_Dandage_2018,S39M,0.7373737373737373
AACC1_PSEAI_Dandage_2018,E50S,0.7104377104377105
AACC1_PSEAI_Dandage_2018,R163P,0.38047138047138046
AACC1_PSEAI_Dandage_2018,K74N,0.8922558922558923
AACC1_PSEAI_Dandage_2018,L111S,0.1851851851851852
AACC1_PSEAI_Dandage_2018,Y157Q,0.1414141414141414
AACC1_PSEAI_Dandage_2018,T75P,0.5521885521885522
AACC1_PSEAI_Dandage_2018,H117A,0.6734006734006734
AACC1_PSEAI_Dandage_2018,D150R,0.4579124579124579
AACC1_PSEAI_Dandage_2018,K131S,0.6868686868686869
AACC1_PSEAI_Dandage_2018,A136G,0.7070707070707071
ARGR_ECOLI_Tsuboyama_2023_1AOY,L27C,0.1750841750841751
ARGR_ECOLI_Tsuboyama_2023_1AOY,K9C,0.48484848484848486
ARGR_ECOLI_Tsuboyama_2023_1AOY,Q30T,0.531986531986532
ARGR_ECOLI_Tsuboyama_2023_1AOY,V24S,0.531986531986532
ARGR_ECOLI_Tsuboyama_2023_1AOY,V24N,0.2255892255892256
ARGR_ECOLI_Tsuboyama_2023_1AOY,F17Q,0.41077441077441074
ARGR_ECOLI_Tsuboyama_2023_1AOY,Q28T,0.6902356902356903
ARGR_ECOLI_Tsuboyama_2023_1AOY,A7D,0.28619528619528617
ARGR_ECOLI_Tsuboyama_2023_1AOY,P64I,0.21885521885521886
ARGR_ECOLI_Tsuboyama_2023_1AOY,L12D,0.057239057239057235
ARGR_ECOLI_Tsuboyama_2023_1AOY,E14P,0.2356902356902357
ARGR_ECOLI_Tsuboyama_2023_1AOY,V60G,0.1767676767676768
ARGR_ECOLI_Tsuboyama_2023_1AOY,F17A,0.6363636363636364
ARGR_ECOLI_Tsuboyama_2023_1AOY,R42T,0.3265993265993266
ARGR_ECOLI_Tsuboyama_2023_1AOY,E29H,0.5757575757575758
ARGR_ECOLI_Tsuboyama_2023_1AOY,D33Y,0.5353535353535354
ARGR_ECOLI_Tsuboyama_2023_1AOY,E66Q,0.7306397306397306
ARGR_ECOLI_Tsuboyama_2023_1AOY,K39C,0.27946127946127947
ARGR_ECOLI_Tsuboyama_2023_1AOY,L12Q,0.2239057239057239
ARGR_ECOLI_Tsuboyama_2023_1AOY,E14M,0.5589225589225589
ARGR_ECOLI_Tsuboyama_2023_1AOY,M59H,0.7239057239057239
ARGR_ECOLI_Tsuboyama_2023_1AOY,S38Q,0.5420875420875421
ARGR_ECOLI_Tsuboyama_2023_1AOY,L44S,0.08754208754208755
ARGR_ECOLI_Tsuboyama_2023_1AOY,R51K,0.9831649831649831
ARGR_ECOLI_Tsuboyama_2023_1AOY,M59N,0.8080808080808081
ARGR_ECOLI_Tsuboyama_2023_1AOY,F32V,0.43097643097643096
ARGR_ECOLI_Tsuboyama_2023_1AOY,A49Q,0.16161616161616163
ARGR_ECOLI_Tsuboyama_2023_1AOY,T45I,0.7710437710437711
ARGR_ECOLI_Tsuboyama_2023_1AOY,G21H,0.7104377104377105
ARGR_ECOLI_Tsuboyama_2023_1AOY,G48Y,0.24579124579124578
ARGR_ECOLI_Tsuboyama_2023_1AOY,S18N,0.7676767676767676
ARGR_ECOLI_Tsuboyama_2023_1AOY,L63R,0.30134680134680136
ARGR_ECOLI_Tsuboyama_2023_1AOY,Q37R,0.7037037037037037
ARGR_ECOLI_Tsuboyama_2023_1AOY,A25F,0.5757575757575758
ARGR_ECOLI_Tsuboyama_2023_1AOY,Y61E,0.05387205387205388
ARGR_ECOLI_Tsuboyama_2023_1AOY,G21S,0.9494949494949495
ARGR_ECOLI_Tsuboyama_2023_1AOY,R53K,0.8855218855218855
ARGR_ECOLI_Tsuboyama_2023_1AOY,R42M,0.3367003367003367
ARGR_ECOLI_Tsuboyama_2023_1AOY,N36I,0.2760942760942761
ARGR_ECOLI_Tsuboyama_2023_1AOY,A26S,0.6767676767676768
ARGR_ECOLI_Tsuboyama_2023_1AOY,K16W,0.23232323232323235
ARGR_ECOLI_Tsuboyama_2023_1AOY,S19P,0.12794612794612795
ARGR_ECOLI_Tsuboyama_2023_1AOY,S18F,0.702020202020202
ARGR_ECOLI_Tsuboyama_2023_1AOY,G48D,0.5892255892255892
ARGR_ECOLI_Tsuboyama_2023_1AOY,E29R,0.797979797979798
ARGR_ECOLI_Tsuboyama_2023_1AOY,E14V,0.5084175084175084
ARGR_ECOLI_Tsuboyama_2023_1AOY,E29F,0.2895622895622896
ARGR_ECOLI_Tsuboyama_2023_1AOY,N36M,0.27272727272727276
ARGR_ECOLI_Tsuboyama_2023_1AOY,L4A,0.5589225589225589
ARGR_ECOLI_Tsuboyama_2023_1AOY,S19N,0.68013468013468
ARGR_ECOLI_Tsuboyama_2023_1AOY,R42L,0.3333333333333333
ARGR_ECOLI_Tsuboyama_2023_1AOY,I23G,0.01346801346801347
ARGR_ECOLI_Tsuboyama_2023_1AOY,Q20N,0.5235690235690236
ARGR_ECOLI_Tsuboyama_2023_1AOY,L4S,0.3703703703703704
ARGR_ECOLI_Tsuboyama_2023_1AOY,A10T,0.8855218855218855
ARGR_ECOLI_Tsuboyama_2023_1AOY,A49F,0.38720538720538716
ARGR_ECOLI_Tsuboyama_2023_1AOY,E29L,0.5454545454545454
ARGR_ECOLI_Tsuboyama_2023_1AOY,E66T,0.6632996632996633
ARGR_ECOLI_Tsuboyama_2023_1AOY,C62H,0.6599326599326599
ARGR_ECOLI_Tsuboyama_2023_1AOY,P64L,0.2828282828282828
ARGR_ECOLI_Tsuboyama_2023_1AOY,D33F,0.5336700336700337
ARGR_ECOLI_Tsuboyama_2023_1AOY,V40I,0.7895622895622895
ARGR_ECOLI_Tsuboyama_2023_1AOY,A26D,0.39057239057239057
ARGR_ECOLI_Tsuboyama_2023_1AOY,F47G,0.1851851851851852
ARGR_ECOLI_Tsuboyama_2023_1AOY,E66F,0.38383838383838387
ARGR_ECOLI_Tsuboyama_2023_1AOY,E66D,0.8956228956228957
ARGR_ECOLI_Tsuboyama_2023_1AOY,K9Y,0.4393939393939394
ARGR_ECOLI_Tsuboyama_2023_1AOY,Q30I,0.51010101010101
ARGR_ECOLI_Tsuboyama_2023_1AOY,I35R,0.1717171717171717
ARGR_ECOLI_Tsuboyama_2023_1AOY,L4V,0.6734006734006734
ARGR_ECOLI_Tsuboyama_2023_1AOY,K9E,0.734006734006734
ARGR_ECOLI_Tsuboyama_2023_1AOY,K16D,0.7003367003367004
ARGR_ECOLI_Tsuboyama_2023_1AOY,E29N,0.7575757575757575
ARGR_ECOLI_Tsuboyama_2023_1AOY,T52L,0.8383838383838383
ARGR_ECOLI_Tsuboyama_2023_1AOY,R53Y,0.4983164983164983
ARGR_ECOLI_Tsuboyama_2023_1AOY,E3Q,0.8787878787878788
ARGR_ECOLI_Tsuboyama_2023_1AOY,A7P,0.2222222222222222
ARGR_ECOLI_Tsuboyama_2023_1AOY,F32T,0.19528619528619529
ARGR_ECOLI_Tsuboyama_2023_1AOY,E15C,0.38720538720538716
ARGR_ECOLI_Tsuboyama_2023_1AOY,L12V,0.6464646464646465
ARGR_ECOLI_Tsuboyama_2023_1AOY,M43N,0.468013468013468
ARGR_ECOLI_Tsuboyama_2023_1AOY,V24D,0.14814814814814817
ARGR_ECOLI_Tsuboyama_2023_1AOY,Q20Y,0.3602693602693603
ARGR_ECOLI_Tsuboyama_2023_1AOY,S19M,0.41077441077441074
ARGR_ECOLI_Tsuboyama_2023_1AOY,K56Y,0.5370370370370371
ARGR_ECOLI_Tsuboyama_2023_1AOY,K6Y,0.5353535353535354
ARGR_ECOLI_Tsuboyama_2023_1AOY,I23E,0.04713804713804714
ARGR_ECOLI_Tsuboyama_2023_1AOY,E29D,0.8232323232323232
ARGR_ECOLI_Tsuboyama_2023_1AOY,K13D,0.7811447811447811
ARGR_ECOLI_Tsuboyama_2023_1AOY,A25Q,0.8653198653198654
ARGR_ECOLI_Tsuboyama_2023_1AOY,A55I,0.6363636363636364
ARGR_ECOLI_Tsuboyama_2023_1AOY,L11V,0.6734006734006734
ARGR_ECOLI_Tsuboyama_2023_1AOY,R51H,0.35353535353535354
ARGR_ECOLI_Tsuboyama_2023_1AOY,A49L,0.6262626262626263
ARGR_ECOLI_Tsuboyama_2023_1AOY,N36R,0.45286195286195285
ARGR_ECOLI_Tsuboyama_2023_1AOY,F32M,0.441077441077441
ARGR_ECOLI_Tsuboyama_2023_1AOY,A26E,0.5690235690235691
ARGR_ECOLI_Tsuboyama_2023_1AOY,D33E,0.9730639730639731
ARGR_ECOLI_Tsuboyama_2023_1AOY,S18E,0.8787878787878789
ARGR_ECOLI_Tsuboyama_2023_1AOY,I23C,0.27946127946127947
ENVZ_ECOLI_Ghose_2023,C48A,0.9242424242424243
ENVZ_ECOLI_Ghose_2023,E46H,0.5656565656565656
ENVZ_ECOLI_Ghose_2023,T21R,0.531986531986532
ENVZ_ECOLI_Ghose_2023,L25A,0.6026936026936026
ENVZ_ECOLI_Ghose_2023,M29V,0.5993265993265994
ENVZ_ECOLI_Ghose_2023,T6E,0.8552188552188552
ENVZ_ECOLI_Ghose_2023,R60W,0.23232323232323235
ENVZ_ECOLI_Ghose_2023,G11M,0.35353535353535354
ENVZ_ECOLI_Ghose_2023,T21H,0.45454545454545453
ENVZ_ECOLI_Ghose_2023,M30K,0.29292929292929293
ENVZ_ECOLI_Ghose_2023,G11I,0.265993265993266
ENVZ_ECOLI_Ghose_2023,K43H,0.8063973063973063
ENVZ_ECOLI_Ghose_2023,T27V,0.6397306397306397
ENVZ_ECOLI_Ghose_2023,S31A,0.8400673400673401
ENVZ_ECOLI_Ghose_2023,N49A,0.6296296296296297
ENVZ_ECOLI_Ghose_2023,S13D,0.4579124579124579
ENVZ_ECOLI_Ghose_2023,D34W,0.2828282828282828
ENVZ_ECOLI_Ghose_2023,K43C,0.4646464646464647
ENVZ_ECOLI_Ghose_2023,Y58P,0.21212121212121213
ENVZ_ECOLI_Ghose_2023,Q54K,0.7508417508417509
ENVZ_ECOLI_Ghose_2023,L37E,0.3636363636363636
ENVZ_ECOLI_Ghose_2023,R24I,0.335016835016835
ENVZ_ECOLI_Ghose_2023,L16S,0.1313131313131313
ENVZ_ECOLI_Ghose_2023,R24A,0.6582491582491582
ENVZ_ECOLI_Ghose_2023,T6L,0.7710437710437711
ENVZ_ECOLI_Ghose_2023,G35S,0.9764309764309765
ENVZ_ECOLI_Ghose_2023,A10C,0.4646464646464647
ENVZ_ECOLI_Ghose_2023,E39L,0.4444444444444445
ENVZ_ECOLI_Ghose_2023,I51G,0.11784511784511785
ENVZ_ECOLI_Ghose_2023,I41G,0.07407407407407407
ENVZ_ECOLI_Ghose_2023,G11L,0.2828282828282828
ENVZ_ECOLI_Ghose_2023,M30A,0.6094276094276094
ENVZ_ECOLI_Ghose_2023,D15E,0.7070707070707071
ENVZ_ECOLI_Ghose_2023,E53R,0.7272727272727272
ENVZ_ECOLI_Ghose_2023,A26L,0.6734006734006734
ENVZ_ECOLI_Ghose_2023,E53K,0.7912457912457912
ENVZ_ECOLI_Ghose_2023,I23Q,0.15488215488215487
ENVZ_ECOLI_Ghose_2023,R60D,0.6094276094276094
ENVZ_ECOLI_Ghose_2023,E53Y,0.3501683501683502
ENVZ_ECOLI_Ghose_2023,L8H,0.31313131313131315
ENVZ_ECOLI_Ghose_2023,G11Q,0.45286195286195285
ENVZ_ECOLI_Ghose_2023,I23L,0.7912457912457912
ENVZ_ECOLI_Ghose_2023,E28R,0.6161616161616162
ENVZ_ECOLI_Ghose_2023,I23T,0.3265993265993266
ENVZ_ECOLI_Ghose_2023,C48K,0.2760942760942761
ENVZ_ECOLI_Ghose_2023,L37A,0.5959595959595959
ENVZ_ECOLI_Ghose_2023,Y58K,0.5521885521885522
ENVZ_ECOLI_Ghose_2023,I52G,0.12457912457912457
ENVZ_ECOLI_Ghose_2023,C48V,0.7070707070707071
ENVZ_ECOLI_Ghose_2023,E28D,0.8484848484848485
ENVZ_ECOLI_Ghose_2023,P19T,0.1835016835016835
ENVZ_ECOLI_Ghose_2023,M9E,0.26936026936026936
ENVZ_ECOLI_Ghose_2023,D44H,0.5791245791245792
ENVZ_ECOLI_Ghose_2023,K43P,0.28619528619528617
ENVZ_ECOLI_Ghose_2023,Q33E,0.9562289562289562
ENVZ_ECOLI_Ghose_2023,R17C,0.24915824915824913
ENVZ_ECOLI_Ghose_2023,A50G,0.7239057239057239
ENVZ_ECOLI_Ghose_2023,R17F,0.19191919191919193
ENVZ_ECOLI_Ghose_2023,T18W,0.2255892255892256
ENVZ_ECOLI_Ghose_2023,V12A,0.5925925925925926
ENVZ_ECOLI_Ghose_2023,H14S,0.4276094276094276
ENVZ_ECOLI_Ghose_2023,R17W,0.13804713804713806
ENVZ_ECOLI_Ghose_2023,Y36T,0.8047138047138048
ENVZ_ECOLI_Ghose_2023,S40C,0.4781144781144781
ENVZ_ECOLI_Ghose_2023,R17G,0.2828282828282828
ENVZ_ECOLI_Ghose_2023,M29K,0.6262626262626263
ENVZ_ECOLI_Ghose_2023,G11T,0.521885521885522
ENVZ_ECOLI_Ghose_2023,N42V,0.4764309764309764
ENVZ_ECOLI_Ghose_2023,M9P,0.30976430976430974
ENVZ_ECOLI_Ghose_2023,E32C,0.2760942760942761
ENVZ_ECOLI_Ghose_2023,M30R,0.34848484848484845
ENVZ_ECOLI_Ghose_2023,G35P,0.5707070707070707
ENVZ_ECOLI_Ghose_2023,T18N,0.7003367003367004
ENVZ_ECOLI_Ghose_2023,E39M,0.39225589225589225
ENVZ_ECOLI_Ghose_2023,C48E,0.2828282828282828
ENVZ_ECOLI_Ghose_2023,A50Y,0.5117845117845118
ENVZ_ECOLI_Ghose_2023,T27I,0.48148148148148145
ENVZ_ECOLI_Ghose_2023,Q54H,0.6498316498316498
ENVZ_ECOLI_Ghose_2023,I56L,0.9696969696969697
ENVZ_ECOLI_Ghose_2023,I41T,0.3737373737373737
ENVZ_ECOLI_Ghose_2023,E39S,0.7845117845117846
ENVZ_ECOLI_Ghose_2023,L16H,0.06060606060606061
ENVZ_ECOLI_Ghose_2023,R24G,0.4696969696969697
ENVZ_ECOLI_Ghose_2023,E32P,0.7457912457912458
ENVZ_ECOLI_Ghose_2023,N42Y,0.48316498316498313
ENVZ_ECOLI_Ghose_2023,D34A,0.7811447811447811
ENVZ_ECOLI_Ghose_2023,D15F,0.1851851851851852
ENVZ_ECOLI_Ghose_2023,S31V,0.49158249158249157
ENVZ_ECOLI_Ghose_2023,L59Q,0.5555555555555555
ENVZ_ECOLI_Ghose_2023,A38P,0.41077441077441074
ENVZ_ECOLI_Ghose_2023,T6W,0.38383838383838387
ENVZ_ECOLI_Ghose_2023,I56A,0.7272727272727272
ENVZ_ECOLI_Ghose_2023,Y36V,0.7811447811447811
ENVZ_ECOLI_Ghose_2023,R17D,0.29292929292929293
ENVZ_ECOLI_Ghose_2023,L8Y,0.47979797979797983
ENVZ_ECOLI_Ghose_2023,D57A,0.6649831649831649
ENVZ_ECOLI_Ghose_2023,E46N,0.7542087542087542
ENVZ_ECOLI_Ghose_2023,L16T,0.2239057239057239
ENVZ_ECOLI_Ghose_2023,L37H,0.3686868686868687
ENVZ_ECOLI_Ghose_2023,G35R,0.8653198653198654
