assay_id,floor_m,reason,esm2_missing,esm_if1_missing
A0A192B1T2_9HIV1_Haddox_2018,EVALUABLE,,0,0
A0A1I9GEU1_NEIME_Kennouche_2019,EVALUABLE,,0,0
A0A247D711_LISMN_Stadelmann_2021,EVALUABLE,,0,0
A0A2Z5U3Z0_9INFA_Doud_2016,EVALUABLE,,0,0
A4D664_9INFA_Soh_2019,EVALUABLE,,0,0
A4GRB6_PSEAI_Chen_2020,EVALUABLE,,0,0
A4_HUMAN_Seuma_2022,EVALUABLE,,0,0
AACC1_PSEAI_Dandage_2018,EVALUABLE,,0,0
ACE2_HUMAN_Chan_2020,EVALUABLE,,0,0
ADRB2_HUMAN_Jones_2020,EVALUABLE,,0,0
AICDA_HUMAN_Gajula_2014_3cycles,EVALUABLE,,0,0
AMIE_PSEAE_Wrenbeck_2017,EVALUABLE,,0,0
ANCSZ_Hobbs_2022,EVALUABLE,,0,0
ARGR_ECOLI_Tsuboyama_2023_1AOY,EVALUABLE,,0,0
B2L11_HUMAN_Dutta_2010_binding-Mcl-1,EVALUABLE,,0,0
BBC1_YEAST_Tsuboyama_2023_1TG0,EVALUABLE,,0,0
BCHB_CHLTE_Tsuboyama_2023_2KRU,EVALUABLE,,0,0
BLAT_ECOLX_Deng_2012,EVALUABLE,,0,0
C6KNH7_9INFA_Lee_2018,EVALUABLE,,0,0
CALM1_HUMAN_Weile_2017,EVALUABLE,,0,0
CAPSD_AAV2S_Sinai_2021,EVALUABLE,,0,0
CASP3_HUMAN_Roychowdhury_2020,EVALUABLE,,0,0
CBPA2_HUMAN_Tsuboyama_2023_1O6X,EVALUABLE,,0,0
CBS_HUMAN_Sun_2020,EVALUABLE,,0,0
CBX4_HUMAN_Tsuboyama_2023_2K28,EVALUABLE,,0,0
CCDB_ECOLI_Adkar_2012,EVALUABLE,,0,0
CCR5_HUMAN_Gill_2023,EVALUABLE,,0,0
CD19_HUMAN_Klesmith_2019_FMC_singles,EVALUABLE,,0,0
CP2C9_HUMAN_Amorosi_2021_abundance,EVALUABLE,,0,0
CSN4_MOUSE_Tsuboyama_2023_1UFM,EVALUABLE,,0,0
CUE1_YEAST_Tsuboyama_2023_2MYX,EVALUABLE,,0,0
D7PM05_CLYGR_Somermeyer_2022,EVALUABLE,,0,0
DLG4_HUMAN_Faure_2021,EVALUABLE,,0,0
DN7A_SACS2_Tsuboyama_2023_1JIC,EVALUABLE,,0,0
DNJA1_HUMAN_Tsuboyama_2023_2LO1,EVALUABLE,,0,0
DOCK1_MOUSE_Tsuboyama_2023_2M0Y,EVALUABLE,,0,0
DYR_ECOLI_Nguyen_2023,EVALUABLE,,0,0
ENVZ_ECOLI_Ghose_2023,EVALUABLE,,0,0
EPHB2_HUMAN_Tsuboyama_2023_1F0M,EVALUABLE,,0,0
ESTA_BACSU_Nutschel_2020,EVALUABLE,,0,0
F7YBW8_MESOW_Aakre_2015,EVALUABLE,,0,0
FECA_ECOLI_Tsuboyama_2023_2D1U,EVALUABLE,,0,0
FKBP3_HUMAN_Tsuboyama_2023_2KFV,EVALUABLE,,0,0
GAL4_YEAST_Kitzman_2015,EVALUABLE,,0,0
GCN4_YEAST_Staller_2018,EVALUABLE,,0,0
GDIA_HUMAN_Silverstein_2021,EVALUABLE,,0,0
GFP_AEQVI_Sarkisyan_2016,EVALUABLE,,0,0
GLPA_HUMAN_Elazar_2016,EVALUABLE,,0,0
GRB2_HUMAN_Faure_2021,EVALUABLE,,0,0
HCP_LAMBD_Tsuboyama_2023_2L6Q,EVALUABLE,,0,0
HECD1_HUMAN_Tsuboyama_2023_3DKM,EVALUABLE,,0,0
HEM3_HUMAN_Loggerenberg_2023,EVALUABLE,,0,0
HIS7_YEAST_Pokusaeva_2019,EVALUABLE,,0,0
HMDH_HUMAN_Jiang_2019,EVALUABLE,,0,0
HSP82_YEAST_Cote-Hammarlof_2020_growth-H2O2,EVALUABLE,,0,0
HXK4_HUMAN_Gersing_2022_activity,EVALUABLE,,0,0
I6TAH8_I68A0_Doud_2015,EVALUABLE,,0,0
IF1_ECOLI_Kelsic_2016,EVALUABLE,,0,0
ILF3_HUMAN_Tsuboyama_2023_2L33,EVALUABLE,,0,0
ISDH_STAAW_Tsuboyama_2023_2LHR,EVALUABLE,,0,0
KCNE1_HUMAN_Muhammad_2023_expression,EVALUABLE,,0,0
KCNJ2_MOUSE_Coyote-Maestas_2022_function,EVALUABLE,,0,0
KKA2_KLEPN_Melnikov_2014,EVALUABLE,,0,0
LGK_LIPST_Klesmith_2015,EVALUABLE,,0,0
MBD11_ARATH_Tsuboyama_2023_6ACV,EVALUABLE,,0,0
MET_HUMAN_Estevam_2023,EVALUABLE,,0,0
MK01_HUMAN_Brenan_2016,EVALUABLE,,0,0
MLAC_ECOLI_MacRae_2023,EVALUABLE,,0,0
MSH2_HUMAN_Jia_2020,EVALUABLE,,0,0
MTH3_HAEAE_RockahShmuel_2015,EVALUABLE,,0,0
MTHR_HUMAN_Weile_2021,EVALUABLE,,0,0
MYO3_YEAST_Tsuboyama_2023_2BTT,EVALUABLE,,0,0
NKX31_HUMAN_Tsuboyama_2023_2L9R,EVALUABLE,,0,0
NRAM_I33A0_Jiang_2016,EVALUABLE,,0,0
NUD15_HUMAN_Suiter_2020,EVALUABLE,,0,0
NUSA_ECOLI_Tsuboyama_2023_1WCL,EVALUABLE,,0,0
NUSG_MYCTU_Tsuboyama_2023_2MI6,EVALUABLE,,0,0
OBSCN_HUMAN_Tsuboyama_2023_1V1C,EVALUABLE,,0,0
OPSD_HUMAN_Wan_2019,EVALUABLE,,0,0
OTC_HUMAN_Lo_2023,EVALUABLE,,0,0
OXDA_RHOTO_Vanella_2023_activity,EVALUABLE,,0,0
P53_HUMAN_Giacomelli_2018_Null_Etoposide,EVALUABLE,,0,0
P84126_THETH_Chan_2017,EVALUABLE,,0,0
PABP_YEAST_Melamed_2013,EVALUABLE,,0,0
PAI1_HUMAN_Huttinger_2021,EVALUABLE,,0,0
PA_I34A1_Wu_2015,EVALUABLE,,0,0
PHOT_CHLRE_Chen_2023,EVALUABLE,,0,0
PITX2_HUMAN_Tsuboyama_2023_2L7M,EVALUABLE,,0,0
PKN1_HUMAN_Tsuboyama_2023_1URF,EVALUABLE,,0,0
POLG_DEN26_Suphatrakul_2023,EVALUABLE,,0,0
POLG_PESV_Tsuboyama_2023_2MXD,EVALUABLE,,0,0
PPARG_HUMAN_Majithia_2016,EVALUABLE,,0,0
PPM1D_HUMAN_Miller_2022,EVALUABLE,,0,0
PR40A_HUMAN_Tsuboyama_2023_1UZC,EVALUABLE,,0,0
PRKN_HUMAN_Clausen_2023,EVALUABLE,,0,0
PSAE_PICP2_Tsuboyama_2023_1PSE,EVALUABLE,,0,0
PTEN_HUMAN_Matreyek_2021,EVALUABLE,,0,0
Q53Z42_HUMAN_McShan_2019_binding-TAPBPR,EVALUABLE,,0,0
Q59976_STRSQ_Romero_2015,EVALUABLE,,0,0
Q6WV12_9MAXI_Somermeyer_2022,EVALUABLE,,0,0
Q837P4_ENTFA_Meier_2023,EVALUABLE,,0,0
Q837P5_ENTFA_Meier_2023,EVALUABLE,,0,0
R1AB_SARS2_Flynn_2022,EVALUABLE,,0,0
RAD_ANTMA_Tsuboyama_2023_2CJJ,EVALUABLE,,0,0
RAF1_HUMAN_Zinkus-Boltz_2019,EVALUABLE,,0,0
RASH_HUMAN_Bandaru_2017,EVALUABLE,,0,0
RBP1_HUMAN_Tsuboyama_2023_2KWH,EVALUABLE,,0,0
RCD1_ARATH_Tsuboyama_2023_5OAO,EVALUABLE,,0,0
RCRO_LAMBD_Tsuboyama_2023_1ORC,EVALUABLE,,0,0
RDRP_I33A0_Li_2023,EVALUABLE,,0,0
REV_HV1H2_Fernandes_2016,EVALUABLE,,0,0
RFAH_ECOLI_Tsuboyama_2023_2LCL,EVALUABLE,,0,0
RL20_AQUAE_Tsuboyama_2023_1GYZ,EVALUABLE,,0,0
RL40A_YEAST_Mavor_2016,EVALUABLE,,0,0
RNC_ECOLI_Weeks_2023,EVALUABLE,,0,0
RPC1_BP434_Tsuboyama_2023_1R69,EVALUABLE,,0,0
RPC1_LAMBD_Li_2019_high-expression,EVALUABLE,,0,0
RS15_GEOSE_Tsuboyama_2023_1A32,EVALUABLE,,0,0
S22A1_HUMAN_Yee_2023_abundance,EVALUABLE,,0,0
SBI_STAAM_Tsuboyama_2023_2JVG,EVALUABLE,,0,0
SC6A4_HUMAN_Young_2021,EVALUABLE,,0,0
SCIN_STAAR_Tsuboyama_2023_2QFF,EVALUABLE,,0,0
SERC_HUMAN_Xie_2023,EVALUABLE,,0,0
SHOC2_HUMAN_Kwon_2022,EVALUABLE,,0,0
SOX30_HUMAN_Tsuboyama_2023_7JJK,EVALUABLE,,0,0
SPA_STAAU_Tsuboyama_2023_1LP1,EVALUABLE,,0,0
SPG1_STRSG_Olson_2014,EVALUABLE,,0,0
SPTN1_CHICK_Tsuboyama_2023_1TUD,EVALUABLE,,0,0
SRBS1_HUMAN_Tsuboyama_2023_2O2W,EVALUABLE,,0,0
SRC_HUMAN_Ahler_2019,EVALUABLE,,0,0
SUMO1_HUMAN_Weile_2017,EVALUABLE,,0,0
SYUA_HUMAN_Newberry_2020,EVALUABLE,,0,0
TADBP_HUMAN_Bolognesi_2019,EVALUABLE,,0,0
TAT_HV1BR_Fernandes_2016,EVALUABLE,,0,0
TNKS2_HUMAN_Tsuboyama_2023_5JRT,EVALUABLE,,0,0
TPK1_HUMAN_Weile_2017,EVALUABLE,,0,0
TPMT_HUMAN_Matreyek_2018,EVALUABLE,,0,0
TPOR_HUMAN_Bridgford_2020,EVALUABLE,,0,0
TRPC_SACS2_Chan_2017,EVALUABLE,,0,0
TRPC_THEMA_Chan_2017,EVALUABLE,,0,0
UBC9_HUMAN_Weile_2017,EVALUABLE,,0,0
UBE4B_HUMAN_Tsuboyama_2023_3L1X,EVALUABLE,,0,0
UBR5_HUMAN_Tsuboyama_2023_1I2T,EVALUABLE,,0,0
VILI_CHICK_Tsuboyama_2023_1YU5,EVALUABLE,,0,0
VKOR1_HUMAN_Chiasson_2020_abundance,EVALUABLE,,0,0
VRPI_BPT7_Tsuboyama_2023_2WNM,EVALUABLE,,0,0
YAIA_ECOLI_Tsuboyama_2023_2KVT,EVALUABLE,,0,0
YAP1_HUMAN_Araya_2012,EVALUABLE,,0,0
